公司代號,公司簡稱,產業別,住址,發言人,實收資本額,已發行普通股數
1240,茂生農經,33,台北市和平西路一段三十號二樓,林信鴻,"$442,323,730","44,232,373"
1259,安心,16,台北市南港區經貿二路66號16樓之3,高順興,"$323,895,000","32,389,500"
1264,德麥,2,新北市五股區五權五路31號,邱俊榮,"$370,523,670","37,052,367"
1268,漢來美食,16,高雄市前金區成功一路266號21樓之1,柯柏良,"$422,237,300","42,223,730"
1294,漢田生技,2,彰化縣溪湖鎮西溪里工業路101號,王國華,"$305,715,630","30,571,563"
1295,生合,2,高雄市路竹區北嶺六路82號,張秀如,"$344,748,000","34,474,800"
1336,台翰,28,桃園市龜山區民生北路一段568號1樓,李晉誠,"$776,144,190","77,614,419"
1565,精華,22,新北市汐止區大同路一段276之2號4、5樓,周華玲,"$504,165,160","50,416,516"
1569,濱川,25,高雄市大寮區大發工業區興業路二號,李璠,"$1,325,474,410","132,547,441"
1570,力肯,5,新北市八里區博物館路81號,林婉菁,"$515,008,390","51,500,839"
1580,新麥,5,新北市五股區五權六路23號,蕭淑娟,"$493,392,420","49,339,242"
1584,精剛,20,台南市柳營區工一路15號(環保科技園區),邱俊宏,"$2,324,705,330","232,470,533"
1586,和勤,5,彰化縣伸港鄉興工路40號,鄭婷勻,"$1,068,494,670","106,849,467"
1591,駿吉-KY,5,"Suite 102, Cannon Place, North Sound Rd., George Town",陳志德,"$380,480,470","38,048,047"
1593,祺驊,37,新竹縣湖口鄉德興路231號,黃寧民,"$397,847,720","39,784,772"
1595,川寶,28,桃園市蘆竹區長興路三段277巷33號,簡麗真,"$541,819,800","54,181,980"
1599,宏佳騰,5,台南市山上區南洲里南洲41號,林佳慧,"$745,287,640","74,528,764"
1742,台蠟,21,桃園市大園區中山南路二段610號3樓,曾柏堯,"$926,713,000","92,671,300"
1777,生泰,22,台南市新營區開元路168號,蕭振明,"$445,917,130","44,591,713"
1781,合世,22,新北市中和區建一路186號9樓,李淑芬,"$474,076,050","47,407,605"
1784,訊聯,22,台北市內湖區新湖一路36巷28號1樓,康清原,"$531,211,910","53,121,191"
1785,光洋科,31,台南市安南區工業三路1號,;峰,"$5,960,022,430","596,002,243"
1788,杏昌,22,新北市三重區重新路5段609巷2號8樓之2,李映芬,"$445,209,710","44,520,971"
1796,金穎生技,2,台南市新營區新工路33號,蕭興義,"$414,597,930","41,459,793"
1799,易威,22,新竹科學園區新竹市東區研發二路10號1樓,吳雪君,"$1,246,895,270","124,689,527"
1813,寶利徠,22,33759桃園市大園區南港里11鄰長發路406號,倪鏡如,"$466,355,100","46,635,510"
1815,富喬,28,雲林縣斗六市榴南里斗工十六路8號,胡銘倫,"$5,848,862,540","584,886,254"
2035,唐榮公司,10,高雄市小港區沿海二路四號,劉岳前,"$3,500,000,000","350,000,000"
2061,風青,6,高雄市苓雅區新光路38號30樓之4,蔡玉賢,"$573,780,520","57,378,052"
2063,世鎧精密,10,高雄市岡山區本洲里本工一路一號,鄭守傑,"$481,014,530","48,101,453"
2064,晉椿,10,50544彰化縣鹿港鎮鹿工路24號,陳譽,"$693,300,000","69,330,000"
2065,世豐,10,(82547)高雄市橋頭區頂鹽里復興西路810號,陳秀珠,"$635,167,070","63,516,707"
2066,世德,5,高雄市大寮區(831)大發工業區華西路20號,陳怡樺,"$444,495,270","44,449,527"
2067,嘉鋼,5,(62155)嘉義縣民雄鄉民雄工業區成功二街21號,陳龍芳,"$451,381,770","45,138,177"
2070,精湛,5,高雄市湖內區忠孝街110巷58號,許宏安,"$357,828,000","35,782,800"
2073,雄順,10,高雄市路竹區順安路393號,林上文,"$275,000,000","27,500,000"
2221,大甲,20,台中市大甲區幼獅路69號,鍾志清,"$423,250,000","42,325,000"
2230,泰茂,5,(72046)台南市官田區二鎮里實踐街10號,呂萬傑,"$680,296,050","68,029,605"
2235,謚源,5,33378桃園市龜山區大華里頂湖路24號,王妤暄,"$358,780,000","35,878,000"
2596,綠意,14,台北市市民大道五段69號2樓,許志豪,"$1,000,000,000","100,000,000"
2640,大車隊,36,台北市中山區長安東路二段162號2樓,林念臻,"$592,649,560","59,264,956"
2641,正德,15,(802)高雄市苓雅區海邊路31號3樓,林勝鶴,"$3,271,316,890","327,131,689"
2643,捷迅,15,台北市內湖區瑞光路34號4樓,葉子菁,"$350,000,000","35,000,000"
2718,全心投控,14,台北市松山區八德路三段30號7樓,劉潔芝,"$875,760,000","87,576,000"
2719,燦星旅,16,台北市中山區民生東路二段161、163號7樓,羅俊英,"$691,825,000","69,182,500"
2724,藝舍-KY,20,新北市板橋區華江一路111號13樓之6,賴運興,"$596,563,450","59,656,345"
2726,雅茗-KY,16,臺北市內湖區新湖一路77號6樓,江錫毅,"$379,224,540","37,922,454"
2729,瓦城,16,新北市中和區建一路176號7樓之1,羅琬萱,"$430,407,830","43,040,783"
2732,六角,16,新竹縣竹北市高鐵九路98號,謝婷韻,"$465,185,700","46,518,570"
2734,易飛網,16,台北市中正區衡陽路51號2樓之1,周昀生,"$572,597,600","57,259,760"
2736,富野,16,臺東縣臺東市復興路38號6樓,劉怡君,"$799,722,300","79,972,230"
2740,華軒,16,新北市林口區公園路159號,陳朝泉,"$143,020,160","14,302,016"
2743,山富,16,台北市中山區南京東路二段85號4樓,李慶良,"$468,152,100","46,815,210"
2745,五福,16,"高雄市三民區博愛一路28號2,3樓",錢緯銘,"$338,085,260","33,808,526"
2751,王座,16,台北市信義區基隆路二段51號4樓之2,林子恒,"$197,350,000","19,735,000"
2752,豆府,16,台北市中山區民權東路二段42號4樓,蘇凡鈞,"$266,938,610","26,693,861"
2754,亞洲藏壽司,16,台北市中山區中山北路3段32號6樓及6樓之1,野島茂,"$468,670,000","46,867,000"
2755,揚秦,16,桃園市中壢區合江路16號,蔡國憲,"$368,287,110","36,828,711"
2756,聯發國際,16,新北市汐止區新台五路一段95號18樓之7,陳聖中,"$245,975,840","24,597,584"
2916,滿心,38,新北市五股區五權六路十八號,郭建隆,"$646,268,780","64,626,878"
2924,宏太-KY,38,台北市中山區中山北路二段46號10樓,曾毓文,"$520,359,340","52,035,934"
2926,誠品生活,32,臺北市信義區松德路204號B1,吳立傑,"$473,896,500","47,389,650"
2937,集雅社,38,高雄市苓雅區中正一路265號1樓,何政鋒,"$435,419,750","43,541,975"
2941,米斯特,38,台中市西屯區市政北二路236號22樓之1,林瑞達,"$153,900,000","15,390,000"
2947,振宇五金,38,台中市西屯區環中路二段27號,洪珮芳,"$214,930,600","21,493,060"
2948,寶陞,38,台北市信義區忠孝東路五段508號16樓,黃楷倫,"$310,000,000","31,000,000"
2949,欣新網,36,台北市信義區東興路45號6樓,游偉民,"$306,411,000","30,641,100"
3064,泰偉,32,新北市三重區興德路111-1號10樓,林佑翔,"$130,114,510","13,011,451"
3066,李洲,26,新北市汐止區新台五路一段97號27樓,李明順,"$830,706,120","83,070,612"
3067,全域,31,新北市三重區興德路96號3樓,高維宏,"$200,000,000","20,000,000"
3071,協禧,25,屏東市橋南里工業六路東段六號,蔡政宏,"$1,100,000,000","110,000,000"
3073,天方能源,35,台北市中山區吉林路99號3樓,徐韋吉,"$395,110,280","39,511,028"
3078,僑威,28,桃園市桃園區幸福路208號13樓,楊丹純,"$2,273,910,640","227,391,064"
3081,聯亞,27,台南市善化區南科九路12號,楊吉裕,"$925,172,770","92,517,277"
3083,網龍,32,台北市南港區南港路三段四十七巷二號四樓,呂學森,"$864,868,580","86,486,858"
3085,新零售,36,台北市內湖區新湖一路128巷15號6樓,李雲琴,"$690,192,880","69,019,288"
3086,華義,32,台北市內湖區行愛路141巷39號6樓,李俊德,"$272,710,510","272,710,510"
3088,艾訊,25,新北市汐止區南興路55號8樓,黃士青,"$1,080,790,170","108,079,017"
3093,港建*,31,桃園市蘆竹區南崁路2段66號5樓之4,廖豐瑩,"$362,888,940","145,155,576"
3095,及成,27,新北市中和區建二路111號,張宏羽,"$161,800,000","10,000,000"
3105,穩懋,24,桃園市龜山區華亞科技園區科技七路69號,曾經洲,"$4,239,403,840","423,940,384"
3114,好德,28,台北市松山區敦化南路一段25號6樓,李昆正,"$651,297,920","65,129,792"
3115,富榮綱,28,台北市士林區承德路四段172號7樓,陳銘寬,"$721,976,150","72,197,615"
3118,進階,22,新北市汐止區康寧街169巷80號,邱春龍,"$324,528,600","32,452,860"
3122,笙泉,24,(30288)新竹縣竹北市台元一街8號7樓之一,廖崇榮,"$407,648,260","40,764,826"
3128,昇銳,26,桃園市八德區長興路六七三號,蕭哲彥,"$473,174,890","47,317,489"
3131,弘塑,31,30095新竹市香山區中華路六段89號,梁勝銓,"$292,160,150","29,216,015"
3141,晶宏,24,台北市內湖區內湖路一段308號12樓,徐豫東,"$754,607,280","75,460,728"
3147,大綜,30,高雄市九如一路502號20樓之1,洪明和,"$436,868,310","43,686,831"
3152,璟德,27,新竹縣湖口鄉新竹工業區漢陽路165號,周賢亮,"$690,162,000","69,016,200"
3158,嘉實,30,新北市新店區民權路95號12樓之2,徐文伯,"$304,354,250","30,435,425"
3162,精確,5,桃園市新屋區社子里二鄰中興路938號,張俊成,"$1,334,411,120","133,441,112"
3163,波若威,27,新竹科學園區工業東九路30號3樓,張文樵,"$805,407,410","80,540,741"
3169,亞信,24,新竹科學園區新竹市新安路8號4樓,王春旗,"$631,069,810","63,106,981"
3171,炎洲流通,38,臺北市內湖區行善路397號5樓,張詠傑,"$331,181,580","33,118,158"
3176,基亞,22,台北市南港區園區街3號F棟14樓,江雅鈴,"$1,393,067,550","139,306,755"
3178,公準,24,814 高雄市仁武區五和里八德二路168號,蘇虹音,"$450,500,000","45,050,000"
3188,鑫龍騰,14,高雄市鼓山區明誠四路33號,陳宗燦,"$1,863,098,760","186,309,876"
3191,雲嘉南,28,台北市中正區中華路一段7號6樓之8,黃騰威,"$435,973,810","43,597,381"
3205,佰研,22,台北市南港區園區街3號10樓之6,吳締苗,"$675,456,310","67,545,631"
3206,志豐,28,新北市淡水區中正東路二段69-11號10樓,葉方瑜,"$589,166,210","58,916,621"
3207,耀勝,28,桃園市大溪區大鶯路309-28號,蘇小慧,"$664,221,240","66,422,124"
3211,順達,25,桃園市龜山區文禾路188號13樓,林郁蕙,"$1,542,885,210","154,288,521"
3213,茂訊,25,新北市深坑區北深路三段250號7樓,周詠翔,"$586,855,470","58,685,547"
3217,優群,28,新竹市牛埔南路15之3號,劉興義,"$901,042,030","90,104,203"
3218,大學光,22,台北市南港區園區街3-1號4樓,劉俊杰,"$847,248,990","84,724,899"
3219,倚強科,31,臺北市內湖區瑞光路607號9樓,王皓正,"$712,838,800","71,283,880"
3221,台嘉碩,27,桃園市平鎮區工業二路三號,李昆鴻,"$1,038,621,100","103,862,110"
3224,三顧,29,新北市汐止區新台五路一段75號14樓之3,唐洪德,"$781,726,480","78,172,648"
3226,龍鋒,5,台南市永康區環工路75號,陳智威,"$644,305,730","64,430,573"
3227,原相,24,新竹科學園區新竹縣創新一路五號五樓,羅美煒,"$1,505,628,280","150,562,828"
3228,金麗科,24,新竹市科學園區力行路2之1號6樓之1,呂世民,"$715,114,950","71,511,495"
3230,錦明,26,桃園市蘆竹區南崁里經國路896號16樓,李顯章,"$860,109,000","86,010,900"
3232,昱捷,29,新北市汐止區新台五路一段93號25樓之6,葉瑞炫,"$465,678,650","46,567,865"
3234,光環,27,新竹科學園區新竹市展業一路21號,吳承儒,"$1,114,746,920","111,474,692"
3236,千如,28,桃園市楊梅區水美里楊湖路一段422號,徐錫愷,"$1,050,006,130","105,000,613"
3252,海灣,16,臺中市西區民龍里大和路22號3樓,劉玟君,"$501,957,540","50,195,754"
3259,鑫創,24,新竹縣竹北市台元街22號5樓之一,胡定中,"$729,659,340","72,965,934"
3260,威剛,24,台北市內湖區潭美街533號25樓,陳靜慧,"$3,257,440,480","325,744,048"
3264,欣銓,24,新竹縣湖口鄉勝利村工業三路3號,江文山,"$4,901,700,760","490,170,076"
3265,台星科,24,新竹縣芎林鄉華龍村6鄰鹿寮坑176-5號,劉貴竹,"$1,362,616,590","136,261,659"
3268,海德威,24,台中市西屯區台灣大道四段925號14F-6,游賜傑,"$347,207,960","34,720,796"
3272,東碩,25,新北市新店區寶橋路235巷131號3樓之4,薛劍峰,"$611,767,890","61,176,789"
3276,宇環,28,桃園市平鎮區工業二路12號,胡秀杏,"$697,126,660","69,712,666"
3284,太普高,20,高雄市大寮區大發工業區莒光二街20號,侯景文,"$1,084,824,730","108,482,473"
3285,微端,31,新北市汐止區康寧街169巷31號12樓,楊宗達,"$427,353,240","42,735,324"
3287,廣寰科,25,新北市中和區建二路113號6樓,王桂英,"$439,704,830","43,970,483"
3288,點晶,28,新竹科學工業園區新竹市展業一路9號4樓之3,金際遠,"$160,000,000","16,000,000"
3289,宜特,31,新竹市埔頂路22號1樓,林榆桑,"$864,748,710","86,474,871"
3290,東浦,28,桃園市蘆竹區長興路二段58號,簡雅惠,"$902,150,340","90,215,034"
3293,鈊象,32,新北市五股區五工路130號,江順成,"$2,818,015,600","281,801,560"
3294,英濟,28,新北市中和區建八路16號17樓之4,張嘉正,"$1,320,159,190","132,015,919"
3297,杭特,26,新北市汐止區大同路二段171號9樓,顏志全,"$360,494,450","36,049,445"
3303,岱稜,31,台南市麻豆區麻柚路383號,李怡君,"$940,906,070","94,090,607"
3306,鼎天,27,桃園市龜山區公西里文化二路40號8樓,黃凱崙,"$506,077,020","50,607,702"
3310,佳穎,28,桃園市大園區和平西路二段110號,蔡東&#21234;,"$749,484,020","74,948,402"
3313,斐成,20,台南市安平區永華路二段248號11樓之2,韓元翔,"$2,210,701,380","221,070,138"
3317,尼克森,24,新北市汐止區工建路368號12樓,林訓民,"$900,000,000","90,000,000"
3322,建舜電,28,新北市汐止區新台五路一段79號19樓,黃欽基,"$1,215,821,570","121,582,157"
3323,加百裕,25,桃園市龍潭區工五路128號,林建羽,"$976,240,860","97,624,086"
3324,雙鴻,31,新北市新莊區五權三路6號3樓,陳玉玲,"$927,629,360","92,762,936"
3325,旭品,25,新北市三重區興德路98號11樓,陳炤正,"$901,686,100","90,168,610"
3332,幸康,28,台北市大安區信義路四段306號14樓,周美娟,"$481,042,460","48,104,246"
3339,泰谷,26,南投縣南投市自強三路18號,黃書群,"$665,683,000","66,568,300"
3349,寶德,25,新北市新店區寶高路30之1號3樓、30之2號3樓,盧賀隆,"$460,716,480","46,071,648"
3354,律勝,28,台南市善化區南科九路8號,莊朝欽,"$701,124,260","70,112,426"
3357,臺慶科,28,326桃園市楊梅區幼四路1號,曾志銘,"$1,090,348,810","109,034,881"
3360,尚立,29,台北市內湖區洲子街76號6樓,倪志珍,"$764,022,440","76,402,244"
3362,先進光,26,台中市西屯區科園一路14號,紀國隆,"$1,424,454,750","142,445,475"
3363,上詮,27,新竹市科學工業園區展業二路十八號,游雅芳,"$1,036,405,670","103,640,567"
3372,典範,24,高雄市前鎮區南二路一號,曾忠鶴,"$1,753,240,000","175,324,000"
3373,熱映,31,新竹科學園區新竹縣工業東九路三號一樓,謝儀孝,"$476,187,820","47,618,782"
3374,精材,24,(32062)桃園市中壢區吉林路23號9樓,林恕敏,"$2,713,643,160","271,364,316"
3379,彬台,5,台北市內湖區瑞光路208號5樓,許錦碧,"$380,417,480","38,041,748"
3388,崇越電,28,台北市大安區市民大道4段102號14樓,吳坤明,"$740,623,580","74,062,358"
3390,旭軟,28,桃園市龜山區南上路522號,官原霆,"$789,582,590","78,958,259"
3402,漢科,31,新竹市東華路14號8樓之1,蕭燕啁,"$730,476,920","73,047,692"
3426,台興,5,桃園市平鎮區平鎮工業區工業六路4號,林傳家,"$264,000,000","26,400,000"
3430,奇鈦科,21,台北市信義區基隆路二段51號16樓,林婷婷,"$337,160,850","33,716,085"
3434,哲固,26,桃園市蘆竹區大興路20巷21弄11號,簡盛崧,"$357,547,400","35,754,740"
3438,類比科,24,新竹縣竹北市台元科技園區台元二街1號7樓之1,林登財,"$471,658,150","47,165,815"
3441,聯一光電,26,南投縣草屯鎮稻香路6-4號,陳忠政,"$400,399,200","40,039,920"
3444,利機,29,台中市西屯區台灣大道四段767號5樓之5,盧修滿,"$449,968,770","44,996,877"
3455,由田,26,新北市中和區連城路268號10樓之1,張文杰,"$598,507,500","59,850,750"
3465,進泰電子,31,高雄市新興區民權一路251號19樓之1,李智賢,"$353,298,620","35,329,862"
3466,德晉,27,新北市三重區興德路123-1號8樓,劉佳峰,"$778,920,730","77,892,073"
3467,台灣精材,24,新竹縣湖口鄉長安村長春路56號,王元星,"$311,065,690","31,106,569"
3479,安勤,25,新北市中和區連城路228號7樓,徐崇恒,"$726,301,640","72,630,164"
3483,力致,25,新竹縣竹北市新泰路31號2樓,林秀勤,"$990,492,570","99,049,257"
3484,崧騰,28,桃園市桃園區經國路888號7F之2之3,邱素卿,"$788,281,890","78,828,189"
3489,森寶,14,桃園市蘆竹區南崁里民權路50號,莊義芳,"$904,521,550","90,452,155"
3490,單井,26,新北市土城區中山路77號,游孟哲,"$550,064,350","55,006,435"
3491,昇達科,27,基隆市七堵區工建路1號(六堵科技園區),郭俊良,"$674,984,540","67,498,454"
3492,長盛,28,251新北市淡水區中正東路二段69號10樓,楊素芬,"$355,316,000","35,531,600"
3498,陽程,31,桃園市大園區溪海里8鄰聖德北路68號,葉振祥,"$612,730,080","61,273,008"
3499,環天科,27,新北市中和區建一路186號16樓,吳秋明,"$549,705,960","54,970,596"
3508,位速,31,桃園市楊梅區高山里5鄰高青路26號,廖世文,"$1,043,117,370","104,311,737"
3511,矽瑪,28,桃園市桃園區中正路1351號14樓,姜林嘉容,"$799,729,450","79,972,945"
3512,皇龍,14,台北市信義區松德路171號16樓之2,溫財炳,"$1,130,723,720","113,072,372"
3516,亞帝歐,26,桃園市八德區白鷺里廣福路858號,黃正心,"$595,608,740","59,560,874"
3520,華盈,28,新北市三重區重新路五段609巷18號6樓,柳夜沙,"$688,467,780","68,846,778"
3521,台鋼建設,14,高雄市三民區九如一路502號25樓之3,林郁昌,"$1,457,655,520","145,765,552"
3522,御嵿,16,新北市新莊區中華路三段216號13樓,孫正強,"$839,712,090","83,971,209"
3523,迎輝,26,台南市安南區本田路二段391號,溫哲毅,"$642,578,680","64,257,868"
3526,凡甲,28,新北市中和區中山路三段102號3樓,陳忠毅,"$653,038,650","65,303,865"
3527,聚積,24,新竹市埔頂路18號3樓之5之6,楊立昌,"$444,451,250","44,445,125"
3529,力旺,24,新竹縣竹北市台元一街5號8樓(通訊地址),盧俊宏,"$746,864,920","74,686,492"
3531,先益,26,台中市南屯區工業24路22號,方建仁,"$611,750,110","61,175,011"
3537,堡達,28,台北市中山區中山北路2段129號10樓,白榮生,"$562,429,790","56,242,979"
3540,曜越,25,台北市內湖區堤頂大道二段185號5樓,劉建邦,"$724,585,480","72,458,548"
3541,西柏,31,新北市中和區建康路130號6樓之5,李彩蓮,"$563,491,420","56,349,142"
3546,宇峻,32,新北市中和區建八路2號17樓之8,葉文燦,"$584,273,230","58,427,323"
3548,兆利,28,新北市新莊區五工五路十三號,陳穎萱,"$677,441,750","67,744,175"
3551,世禾,35,新竹縣湖口鄉仁政路18號,陳學哲,"$622,748,900","62,274,890"
3552,同致,31,桃園市蘆竹區南青路1156巷9號,陳聖儒,"$979,183,340","97,918,334"
3555,博士旺,24,臺北市內湖區潭美街539號9樓,洪儷尤,"$399,987,970","39,998,797"
3556,禾瑞亞,24,台北市內湖區瑞光路302號11樓,張志彬,"$637,028,440","63,702,844"
3558,神準,27,桃園市龜山區復興三路500號,喻鳳筱,"$590,608,810","59,060,881"
3564,其陽,27,(221416)新北市汐止區新台五路一段 97 號 32 樓,林章安,"$591,231,000","59,123,100"
3567,逸昌,24,新竹縣竹北市新泰路35號4樓之1,林榮勳,"$339,540,000","33,954,000"
3570,大塚,30,新北市板橋區縣民大道二段68號6樓,徐慧如,"$170,970,000","17,097,000"
3577,泓格,25,新竹縣湖口鄉光復北路111號(新竹工業區),鄭碧玉,"$639,656,530","63,965,653"
3580,友威科,31,桃園市蘆竹區長興里厚生路51號6樓,陳繼萱,"$394,706,570","39,470,657"
3581,博磊,24,(304)新竹縣新豐鄉精工路53號,林素真,"$510,060,000","51,006,000"
3587,閎康,31,新竹縣竹北市台元街26-2號1F,楊儒霖,"$670,382,340","67,038,234"
3594,磐儀,25,新北市中和區中正路700號10樓,郭鳳玲,"$959,483,580","95,948,358"
3597,映興,28,台中市南屯區工業區19路10號,林宜嫻,"$392,364,400","39,236,440"
3609,三一東林,28,台中市南屯區永春東七路517號三樓,陳長佚,"$384,193,870","38,419,387"
3611,鼎翰,25,新北市新店區民權路95號9樓,陳彥翰,"$475,546,340","47,554,634"
3615,安可,26,新竹縣湖口鄉光復北路10號,姜明君,"$684,669,760","68,466,976"
3623,富晶通,26,桃園巿龜山區華亞三路50號6樓之1,巫金國,"$291,859,460","29,185,946"
3624,光頡,28,新竹縣湖口鄉光復北路70號,黎順和,"$1,173,408,420","117,340,842"
3625,西勝,25,新北市新莊區中正路665號5樓,李宗嶽(代理發言人),"$1,142,467,650","114,246,765"
3628,盈正,31,新北市新店區寶高路7巷3號1樓,林志峰,"$450,000,000","45,000,000"
3629,地心引力,32,臺北市信義區信義路五段150巷2號8樓之3,陳斐娟,"$329,547,820","32,954,782"
3630,新鉅科,26,台中市外埔區水頭一路100巷77號,王證彰,"$2,041,918,480","204,191,848"
3631,晟楠,28,桃園市龜山區鄉萬壽路一段161號18樓之1,魏素珠,"$818,209,090","81,820,909"
3632,研勤,27,臺北市內湖區港墘路200號4樓,陳柏任,"$408,897,380","40,889,738"
3646,艾恩特,28,台北市內湖區堤頂大道二段301號5樓,林佑慈,"$392,973,710","39,297,371"
3663,鑫科,31,高雄市路竹區路科八路1號 ( 通訊地址 ),馮復安,"$1,084,940,740","108,494,074"
3664,安瑞-KY,27,"North Sound Rd., George Town, Grand Cayman, KY1-9006",黃建喬,"$652,753,770","65,275,377"
3666,光耀,26,(30078)新竹科學園區新竹市力行六路一號三樓,何秉海,"$1,389,498,500","138,949,850"
3672,康聯訊,27,新北市汐止區新台五路一段79號18F-6,簡慧瑩,"$407,903,750","40,790,375"
3675,德微,24,新北市深坑區北深路三段155巷17號6樓,邱桂堂,"$530,579,230","53,057,923"
3680,家登,24,新北市土城區中央路4段2號9樓之5,朱佳琳,"$960,414,810","96,041,481"
3684,榮昌,27,23145新北市新店區寶橋路233-2號8F,郭尚仁,"$300,016,740","30,001,674"
3685,元創精密,5,台中市西屯區朝富路213號4樓之7,張明弘,"$795,740,000","79,574,000"
3687,歐買尬,36,台北市南港區成功路一段50號3樓,羅士博,"$300,595,720","30,059,572"
3689,湧德,28,桃園市蘆竹區內溪路68巷13號2樓,李永銘,"$874,115,850","87,411,585"
3691,碩禾,26,303新竹縣湖口鄉中華路122-18號,陳繼明,"$918,834,200","91,883,420"
3693,營邦,25,(338)桃園市蘆竹區大興路20巷19弄9號,錢靜怡,"$429,906,940","42,990,694"
3707,漢磊,24,新竹科學園區新竹縣寶山鄉創新一路18號1樓,范桂榮,"$3,832,226,530","383,222,653"
3709,鑫聯大投控,25,台北市南港區經貿二路189號22樓,曹鈞傑,"$1,255,694,500","125,569,450"
3710,連展投控,28,新北市新店區寶興路45巷9弄2號3樓,陳志斌,"$2,872,507,340","287,250,734"
3713,新晶投控,35,新竹縣竹北市復興二路193號3樓之一,劉財能,"$880,900,000","88,090,000"
4102,永日,22,台中市大甲區日南里幼獅路59、61號,李育儒,"$423,734,430","42,373,443"
4105,東洋,22,台北市南港區園區街3-1號3樓,張國江,"$2,486,499,590","248,649,959"
4107,邦特,22,台北市104中山區長安東路一段23號5樓之6,黃繹中,"$692,983,360","69,298,336"
4109,加捷生醫,22,高雄市三民區九如一路61號3樓,林慶弘,"$1,187,366,810","118,736,681"
4111,濟生,22,新竹縣湖口鄉實踐路3號,黃惠珍,"$598,321,350","59,832,135"
4113,聯上,14,高雄市左營區富國路185號17樓之2,呂信杰,"$2,311,381,370","231,138,137"
4114,健喬,22,台北市內湖區內湖路1段396號11樓,黃立宇,"$5,101,756,360","510,175,636"
4116,明基醫,22,台北市內湖區洲子街46號7樓,吳淑晴,"$445,660,000","44,566,000"
4120,友華,22,台北市北投區承德路六段 128 號 13 樓,陳遠甫,"$867,471,190","86,747,119"
4121,優盛,22,北市內湖區港墘路189號12樓,張淑娟,"$827,480,450","82,748,045"
4123,晟德,22,台北市南港區園區街3之2號7樓,林秀月,"$7,612,256,740","761,225,674"
4126,太醫,22,新竹科學園區苗栗縣銅鑼鄉九湖村銅科二路8號,王昱婷,"$726,000,000","72,600,000"
4127,天良,22,新北市汐止區大同路一段147號9樓,郭俊雄,"$457,600,000","45,760,000"
4128,中天,22,台北市南港區園區街3號18樓之1,陳菀均,"$5,881,705,970","588,170,597"
4129,聯合,22,新竹市科學工業園區園區二路57號,彭友杏,"$964,367,040","96,436,704"
4130,健亞,22,新竹縣湖口鄉工業一路一號,蔣維民,"$1,148,875,300","114,887,530"
4131,浩泰,22,台南市東區龍山里林森路一段395號9樓之8,紀文勝,"$395,000,000","39,500,000"
4138,曜亞,22,新北市中和區中正路880號14樓,江志浩,"$399,300,000","39,930,000"
4139,馬光-KY,22,"P.O. Box 61, Harbour Centre, George Town, Grand Cayman",于倩,"$450,099,110","45,009,911"
4147,中裕,22,台北市內湖區瑞光路607號3樓,張金明,"$2,732,024,250","273,202,425"
4153,鈺緯,22,新北市中和區中山路2段351號9樓,麥聖御,"$586,681,970","58,668,197"
4154,樂威科-KY,20,"P.O. Box 31119 Grand Pavilion,Hibiscus Way,802 West Bay Road",張文蒨,"$350,000,000","35,000,000"
4157,太景*-KY,22,中華民國台灣台北市內湖區新明路138號7樓,黃國龍,"$20,766,551","711,833,575"
4160,訊聯基因,22,台北市內湖區新湖一路36巷28號6樓,康清原,"$266,903,340","26,690,334"
4161,聿新科,22,350苗栗縣竹南鎮公館里中華南路188號,涂耀仁,"$598,082,040","59,808,204"
4162,智擎,22,台北市民生東路3段10號11樓,張麒星,"$1,456,776,400","145,677,640"
4163,鐿鈦,22,台中市南屯區文山里精科路9號,陳雅玲,"$506,458,930","50,645,893"
4166,友霖,22,中部科學園區雲林縣虎尾鎮科虎一路8號,黃春桐,"$2,430,350,890","243,035,089"
4167,松瑞藥,22,744094南部科學園區台南市新市區南科六路1號,林國瑋,"$3,104,441,070","310,444,107"
4168,醣聯,22,新北市汐止區新台五路一段97號8樓,呂耀華,"$1,125,213,180","112,521,318"
4171,瑞基,33,407台中市西屯區中部科學園區科園二路19號,傅俞燕,"$584,574,690","58,457,469"
4173,久裕,22,新北市中和區中正路880號14樓之5,林怡&#24419;,"$745,743,550","74,574,355"
4174,浩鼎,22,(115011)台北市南港區忠孝東路7段508號6樓,王慧君,"$1,315,796,870","131,579,687"
4175,杏一,22,(33375)桃園市龜山區復興一路361號5樓,王定睿,"$423,233,070","42,323,307"
4183,福永生技,22,(30076)新竹科學園區新竹縣寶山鄉研發三路8號,卓振輝,"$238,000,000","23,800,000"
4188,安克,22,台北市復興北路167號5樓,李伊俐,"$633,329,000","63,332,900"
4192,杏國,22,宜蘭縣冬山鄉中山村中山路84號,王惠弘,"$351,645,000","35,164,500"
4198,欣大健康,22,台北市內湖區新湖一路85號7樓,林國棟,"$241,080,000","24,108,000"
4205,中華食,2,高雄市大樹區龍目路110-6號,柯碧蘭,"$976,492,280","97,649,228"
4207,環泰,2,桃園市蘆竹區南崁路265號5樓,梁培菁,"$1,985,380,080","198,538,008"
4303,信立,3,台南市學甲區興業路99號,李山龍,"$946,053,170","94,605,317"
4304,勝昱,3,台北市松山區健康路152號3樓,朱國廷,"$610,380,650","61,038,065"
4305,世坤,3,台南市麻豆區麻口里麻工三路125號、127號,陳俊成,"$550,140,000","55,014,000"
4401,東隆興,4,新北市板橋區三民路二段31號19樓,彭武譽,"$1,226,920,120","122,692,012"
4402,郡都開發,4,高雄市前金區中正四路151號9樓之1,唐承,"$679,918,300","67,991,830"
4406,新昕纖,4,台北市長安西路289號10樓之4,莊晉嘉,"$519,120,000","51,912,000"
4413,飛寶企業,4,新北市三重市新北大道二段252號8樓,蔡煌瑯,"$313,146,890","31,314,689"
4416,三圓,14,(104)台北市南京東路二段96號8樓,王朝平,"$735,862,130","73,586,213"
4417,金洲,4,屏東縣新園鄉港西村興安路12號,羅國榮,"$839,713,990","83,971,399"
4419,皇家美食,16,臺南市安平區永華路2段248號15樓之6,吳美慧,"$1,691,631,330","169,163,133"
4420,光明,4,台北市內湖區瑞光路607號7樓,李業振,"$404,550,000","40,455,000"
4430,耀億,20,彰化縣和美鎮彰美路六段334號,陳伯瑄,"$562,736,090","56,273,609"
4432,銘旺實,4,新北市五股區中興路一段6號9樓之5,陳炳欽,"$505,890,000","50,589,000"
4433,興采,4,新北市新莊區五權二路10號1樓,王淑芬,"$612,997,740","61,299,774"
4442,竣邦-KY,4,新北市中和區建一路186號14樓之4/H棟,張兆民,"$315,832,260","31,583,226"
4502,健信,5,彰化縣線西鄉彰濱東一路3號,吳明燦,"$574,696,860","57,469,686"
4503,金雨,5,彰化市延和里埔內街411巷101號,卓政懋,"$783,133,260","78,313,326"
4506,崇友,5,北市南京東路二段88號13樓,郭啟文,"$1,770,120,000","177,012,000"
4510,高鋒,5,台中市大雅區科雅路16號,陳振中,"$1,089,632,650","108,963,265"
4513,福裕,5,彰化縣伸港鄉興工路34號,張順福,"$1,143,619,210","114,361,921"
4523,永彰,5,桃園市中壢區青埔路二段111號11樓,莊太緯,"$649,490,000","64,949,000"
4527,方方土霖,5,高雄市梓官區赤崁北路300號,蘇麗玲,"$761,523,700","76,152,370"
4528,江興鍛,5,台中市西屯區協和里協和南巷3-1號,郭永義,"$841,656,950","84,165,695"
4529,淳紳,20,台北市大安區光復南路630號4樓,彭長鳳,"$845,490,960","84,549,096"
4530,宏易,16,臺北市中山區長安東路二段112號12樓之4,李修瀚,"$357,949,590","35,794,959"
4533,協易機,5,桃園市龜山區南上路446號,李丞偉,"$1,584,341,100","158,434,110"
4534,慶騰,5,苗栗縣頭份市中華路487巷20號,王興威,"$867,889,480","86,788,948"
4535,至興,5,彰化縣伸港鄉全興產業園區工八路3號,劉美娘,"$756,617,400","75,661,740"
4538,大詠城,5,(50544)彰化縣鹿港鎮鹿工南六路23號,簡安琪,"$594,696,040","59,469,604"
4541,晟田,20,高雄市路竹區北嶺二路11號,黃(方方土)宇,"$676,470,680","67,647,068"
4542,科嶠,28,桃園市龜山區明興街308號,吳明致,"$323,234,170","32,323,417"
4543,萬在,5,台南市關廟區中山路二段260號,郭慈媛,"$597,723,000","59,772,300"
4549,桓達,5,新北市土城工業區自強街16號,許碧雲,"$570,024,450","57,002,445"
4550,長佳,5,台北市內湖區基湖路10巷1號8樓,吳陽明,"$378,387,830","37,838,783"
4554,橙的,31,台中市中部科學工業園區科雅路29號5樓,陳奕儒,"$263,274,640","26,327,464"
4556,旭然,20,雲林縣斗六市科加六路15號,何宜瑾,"$423,028,400","42,302,840"
4558,寶緯,5,彰化縣北斗鎮財神路30號,詹俊毅,"$500,000,000","50,000,000"
4561,健椿,5,彰化縣線西鄉彰濱工業區彰濱東七路16號,葉珊綿,"$585,216,190","58,521,619"
4563,百德,5,台中市大甲區幼獅工業區工六路3號,謝天昕,"$549,500,000","54,950,000"
4568,科際精密,5,新北市中和區建康路6號5樓,陳英毅,"$317,691,250","31,769,125"
4577,達航科技,31,台中市大甲區日南里工一路21號,劉智鴻,"$491,379,980","49,137,998"
4580,捷流閥業,5,新北市土城區中山路九號,李文彬,"$468,031,090","46,803,109"
4584,君帆,5,台南市永康區永科環路118號,楊宜蓁,"$300,024,000","30,002,400"
4609,唐鋒,38,桃園市中壢區南園路2-20號,簡麗貞,"$479,468,200","47,946,820"
4702,中美實,38,台北市大安區敦化南路二段七十六號十二樓,王志國,"$723,332,000","72,333,200"
4706,大恭,21,台北市南港區八德路四段778號7樓,潘進富,"$790,300,930","79,030,093"
4707,磐亞,21,台北市新生南路一段50號11樓,吳宏揚,"$4,037,152,700","403,715,270"
4711,永純,21,台北市松江路168號11樓,盧永順,"$610,560,000","61,056,000"
4714,永捷,21,台南市安定區安加里258之26號,蕭世能,"$1,780,881,880","178,088,188"
4716,大立,21,高雄市永安區永工二路18號,洪玉婷,"$944,271,910","94,427,191"
4721,美琪瑪,21,桃園市觀音區草漯里大同一路1號,嚴文志,"$749,863,040","74,986,304"
4726,永昕,22,新竹科學園區新竹縣竹北市生醫二路66號7樓,陳佩君,"$2,071,988,000","207,198,800"
4728,雙美,22,台南市新市區環東路一段31巷10號1樓,詹惠琳,"$544,630,000","54,463,000"
4729,熒茂,26,高雄市路竹區竹南里路科三路7號,謝富雅,"$792,267,410","79,226,741"
4735,豪展,22,新北市三重區光復路一段78號9樓,紀強,"$415,687,580","41,568,758"
4741,泓瀚,21,(30093)新竹市大湖路173-2號,陳昭菁,"$348,120,790","34,812,079"
4743,合一,22,台北市中正區忠孝西路一段66號35樓,鄭淑玲,"$4,802,474,860","480,247,486"
4744,皇將,22,41280台中市大里區仁化里工業九路190號,徐火旺,"$555,978,690","55,597,869"
4745,合富-KY,22,"Suite 102, Cannon Place, North Sound Rd., George Town",王瓊芝,"$774,495,470","77,449,547"
4747,強生製藥,22,"(241)新北市三重區三和路四段77,79號",林俊巍,"$453,804,710","45,380,471"
4749,新應材,24,桃園市龍潭區三和里新和路455號,呂韶文,"$927,328,650","92,732,865"
4754,國碳科,21,338桃園市蘆竹區濱海里中圳街176號,陳佳暉,"$302,832,150","30,283,215"
4760,勤凱科技,31,高雄市大寮區大有3街32號,曾聰乙,"$322,182,830","32,218,283"
4767,誠泰科技,21,高雄市路竹區路科三路1號,林劍青,"$314,150,000","31,415,000"
4768,晶呈科技,21,苗栗縣竹南鎮公義路462巷58號,張永宏,"$474,879,690","47,487,969"
4772,台特化,21,彰化縣線西鄉彰濱西三路1號,呂有武,"$1,476,815,520","147,681,552"
4804,大略-KY,16,台北市中山區民生東路二段143號9樓,林建雄,"$719,919,200","71,991,920"
4806,桂田文創,32,臺北市內湖區新明路298巷6號4樓(總部:高雄市九如一路61號2樓),周伯威,"$999,470,920","99,947,092"
4903,聯光通,27,新竹市科學園區研新四路12號,林郁昌,"$1,053,437,140","105,343,714"
4905,台聯電,27,台北市內湖區瑞光路108號3樓,黃仲康,"$292,600,440","29,260,044"
4907,富宇,14,台中市西屯區市政北二路238號16樓之3,鍾博全,"$1,181,457,780","118,145,778"
4908,前鼎,27,新竹縣湖口鄉新竹工業區自強路三號,李昌祐,"$782,169,070","78,216,907"
4909,新復興,27,桃園市新屋區望間里10鄰十五間45號,廖毅樺,"$933,568,640","93,356,864"
4911,德英,22,台南市安南區科技五路92號,張娜芬,"$637,195,680","63,719,568"
4923,力士,24,(242)新北市新莊區思源路555號(24樓),鍾秉家,"$338,908,000","33,890,800"
4924,欣厚-KY,25,台北市中山區長安東路一段16號7樓之2,劉景成,"$371,644,090","37,164,409"
4931,新盛力,25,高雄市前鎮區西十五街一號,范貴鈞,"$655,657,610","65,565,761"
4933,友輝,26,桃園市大溪區仁善里新光東路80號,楊堯如,"$820,906,750","82,090,675"
4939,亞電,28,新竹縣竹北市環科一路3號6樓之7,鄭宛鈺,"$982,008,680","98,200,868"
4946,辣椒,32,台北市內湖區瑞光路583巷31號3樓,蕭雅馨,"$88,528,160","8,852,816"
4950,金耘國際,10,台南市柳營區工二路10號,李郁真,"$577,291,070","57,729,107"
4951,精拓科,24,(302)新竹縣竹北市台元二街10號7樓之1,陳贈文,"$341,487,130","34,148,713"
4953,緯軟,30,新北市汐止區新台五路1段93號32樓,長育禎,"$731,470,140","73,147,014"
4966,譜瑞-KY,24,"P.O.Box 309GT,Ugland House,South Church Street,George Town",趙捷,"$800,577,880","80,057,788"
4971,IET-KY,24,"PO Box 309, Ugland House, Grand Cayman, KY1-1104, Cayman Isl",王家齊,"$399,857,430","39,985,743"
4972,湯石照明,26,新北市樹林區博愛街236號4樓,王志遠,"$568,885,870","56,888,587"
4973,廣穎電通,24,台北市內湖區洲子街106號7樓,謝超民,"$653,928,430","65,392,843"
4974,亞泰,28,新北市中和區中正路880號2樓,吳淑品,"$725,001,040","72,500,104"
4979,華星光,27,桃園市中壢區合江路6號,王雅瑜,"$1,410,563,220","141,056,322"
4987,科誠,25,新北市中和區建康路168號13樓,陳美蘭,"$318,780,000","31,878,000"
4991,環宇-KY,24,"One Nexus Way, Camana Bay, Grand Cayman, KY1-9005, Cayman",余有崇,"$1,198,899,750","119,889,975"
4995,晶達,26,新北市新店區寶橋路235巷137號8樓,金仲仁,"$424,240,360","42,424,036"
5009,榮剛,10,台南市新營區新中路35號(總部地址:台南市柳營區工二路10號),康永昌,"$6,024,711,970","602,471,197"
5011,久陽,10,高雄市三民區九如一路502號25樓-3,黃俊義,"$1,006,697,380","100,669,738"
5013,強新,10,台南市722佳里區海澄里萊芊寮12-19號,王滿莉,"$1,334,160,000","133,416,000"
5014,建錩,10,桃園市大園區田心里大觀路178號,陳青嵐,"$1,832,650,540","183,265,054"
5015,華祺,10,桃園市中壢區松江北路29號,張順立,"$606,391,890","60,639,189"
5016,松和,10,南投市南崗工業區南崗三路61號,李靜慧,"$496,220,760","49,622,076"
5201,凱衛,30,台北市松山區光復北路11巷35號5樓,馮國書,"$386,746,000","38,674,600"
5202,力新,30,台北市114內湖區新湖一路128巷15號6樓,李雲琴,"$890,940,000","89,094,000"
5205,中茂,35,台北市內湖區內湖路1段396號3樓之1,詹益國,"$135,000,000","13,500,000"
5206,坤悅,14,台中市西屯區市政路402號19樓之二,賴志龍,"$1,715,175,000","171,517,500"
5209,新鼎,20,台北市北投區福善路16號11樓,謝仁興,"$284,271,030","28,427,103"
5210,寶碩,30,台北市松山區八德路二段358號六樓之一,林秉翰,"$821,777,790","82,177,779"
5211,蒙恬,30,(30071)新竹市光復路二段二巷47號7樓,詹榮泉,"$320,247,270","32,024,727"
5212,凌網,30,新竹縣竹北市台元一街8號5樓之6,羅玉瑩,"$346,330,000","34,633,000"
5213,亞昕,14,新北市新莊區思源路555號30樓,沈政毅,"$7,213,343,260","721,334,326"
5220,萬達光電,26,宜蘭縣蘇澳鎮頂平路22號,鄭勝件,"$396,670,000","39,667,000"
5223,安力-KY,25,新北市新莊區新北大道四段215號8樓,姚立芳,"$445,497,810","44,549,781"
5227,立凱-KY,28,桃園市觀音區環南路236號,朱瑞陽,"$680,000,000","68,000,000"
5228,鈺鎧,28,台中市南屯區精科東路15號,黃文結,"$380,562,530","38,056,253"
5230,雷笛克光學,26,新北市中和區板南路655號15F,蘇育平,"$559,767,300","55,976,730"
5236,凌陽創新,24,新竹科學園區新竹市力行一路1號3樓A2,李遠,"$600,040,380","60,004,038"
5245,智晶,26,350新竹科學工業園區苗栗縣竹南鎮科北二路8號,葉文欽,"$451,271,410","45,127,141"
5251,天鉞電,26,新北市中和區中正路700號3樓之3,莊士漢,"$337,333,770","33,733,377"
5263,智崴,32,高雄市前鎮區復興四路9號,歐陽志宏,"$738,580,880","73,858,088"
5272,笙科,24,新竹縣竹北市台元街18號十樓之一、之二,甘繼開,"$552,761,180","55,276,118"
5274,信驊,24,新竹市東區公道五路三段1號4樓之1,吳俐俐,"$378,026,850","37,802,685"
5276,達輝-KY,20,"P.O.Box31119 Grand Pavilion, Hibiscus Way,802West Bay Road",王耀鴻,"$395,000,000","39,500,000"
5278,尚凡*,36,(106)台北市大安區羅斯福路三段37號5樓,張家銘,"$300,000,000","300,000,000"
5287,數字,36,241新北巿三重區重新路五段609巷12號10樓,吳聰賢,"$603,105,500","60,310,550"
5289,宜鼎,25,新北市汐止區大同路一段237號5樓,郭光耀,"$953,452,170","95,345,217"
5291,邑昇,28,桃園市龜山區山鶯路中華巷2號,李上治,"$398,906,060","39,890,606"
5299,杰力,24,(302)新竹縣竹北市台元街22號4樓之1,陳倩姮,"$508,889,810","50,888,981"
5301,寶得利,16,台北市中山區新生北路2段28巷1號B1,張瑋瓛,"$658,903,040","65,890,304"
5302,太欣,24,台北市內湖區瑞光路358巷30弄1號10樓,李治宇,"$1,598,883,490","159,888,349"
5309,系統電,28,台北市內湖區堤頂大道一段1號6樓,謝東富,"$2,044,237,770","204,423,777"
5310,天剛,30,台北市大同區承德路2段81號8樓之2,張申曄,"$289,435,170","28,943,517"
5312,寶島科,22,新北市汐止區新台五路一段97號16F,張立徽,"$600,598,980","60,059,898"
5314,世紀*,20,臺南市安平區永華路2段248號8樓之6,張碩文,"$146,000,000","292,000,000"
5315,光聯,26,台中市潭子區潭子科技產業園區建國路12號,林珂如,"$1,063,518,320","106,351,832"
5321,美而快,36,臺北市南港區重陽路203巷29號9樓,王志仁,"$531,798,020","53,179,802"
5324,士開,14,台北市中山北路六段九十號八樓,郭穎彥,"$2,263,790,900","226,379,090"
5328,華容,28,高雄市大寮區民貴街60巷5號1樓,陳淑芬,"$1,727,107,240","172,710,724"
5340,建榮,28,桃園巿楊梅區民豐路277號,劉純珍,"$1,948,939,640","194,893,964"
5344,立衛,24,新竹市科學園區力行五路9號,許文景,"$794,474,600","79,447,460"
5345,馥鴻,20,臺北市中山區南京東路3段65號7樓,彭靜怡,"$377,950,000","37,795,000"
5347,世界,24,新竹科學園區新竹縣園區三路123號,黃惠蘭,"$18,673,923,550","1,867,392,355"
5348,正能量智能,37,苗栗縣竹南鎮科中路31號3樓,石介璇,"$147,759,170","14,775,917"
5351,鈺創,24,新竹市科學園區科技五路六號,蔡婷婷,"$3,255,957,810","325,595,781"
5353,台林,27,桃園市蘆竹區榮安路10號,陳建村,"$755,000,000","75,500,000"
5355,佳總,28,桃園市桃園區大林里興邦路39-4號,陳冠民,"$1,661,227,920","166,122,792"
5356,協益,25,臺北市中正區館前路49號3樓,王化立,"$1,030,400,000","103,040,000"
5364,力麗店,16,台北市中山區松江路162號3樓,何宜靜,"$638,499,400","63,849,940"
5371,中光電,26,新竹科學工業園區新竹市東區力行路11號,溫慧萍,"$3,909,811,100","390,981,110"
5381,光譜,28,桃園市中壢區中壢工業區東園路38-1號,謝炳輝,"$2,445,268,370","244,526,837"
5386,青雲,25,新北市中和區中正路716號6樓,呂仰鎧,"$360,808,810","36,080,881"
5392,能率,26,台北市復興北路101號10樓,董俊毅,"$1,765,621,450","176,562,145"
5398,慕康生醫,20,新北市汐止區大同路一段239號16樓之1,蕭錦龍,"$494,654,600","49,465,460"
5403,中菲,30,台北市內湖區行愛路151號8樓,吳淑如,"$781,761,230","78,176,123"
5410,國眾,30,臺北市內湖區陽光街298號3樓,彭鴻欽,"$920,561,230","92,056,123"
5425,台半,24,新北市新店區北新路3段205號11樓,吳志寬,"$2,634,854,860","263,485,486"
5426,振發,25,新北市三重區光復路二段二十五號,黎正忠,"$1,438,000,000","143,800,000"
5432,新門,35,台北市內湖區行忠路42號6樓,李曉青,"$206,878,040","20,687,804"
5438,東友,25,台北市內湖區南京東路六段503號12樓,李麗秋,"$1,125,365,650","112,536,565"
5439,高技,28,桃園市桃園區興邦路43巷3號,張秋雄,"$929,757,520","92,975,752"
5443,均豪,24,新竹科學工業園區新竹縣創新一路5-1號4樓,梁又文,"$1,647,466,440","164,746,644"
5450,南良,20,台北市內湖區陽光街349號6樓,白景仁,"$1,224,032,390","122,403,239"
5452,佶優,31,236043新北市土城工業區自強街8號,楊淑玲,"$1,487,636,690","148,763,669"
5455,昇益,14,新竹市東區公道五路二段417號11樓,陳文熾,"$655,018,130","65,501,813"
5457,宣德,28,桃園市龜山區民生北路一段568號,徐嘉德,"$1,744,554,000","174,455,400"
5460,同協,28,新北市新莊區民安路429巷1號,楊宗翰,"$587,781,300","58,778,130"
5464,霖宏,28,嘉義縣民雄鄉福樂村中山路6號,賴柔卉,"$710,714,900","71,071,490"
5465,富驊,25,台南市安南區安和路2段54巷225號,王駿東,"$1,476,826,290","147,682,629"
5468,凱鈺,24,新竹科學園區新竹市科技五路6號,蔣秀雲,"$589,229,090","58,922,909"
5474,聰泰,25,臺北市忠孝東路2段88號18樓,林宏沛,"$397,569,440","39,756,944"
5475,德宏,28,桃園市楊梅區楊湖路二段718號,陳源水,"$1,271,270,170","127,127,017"
5478,智冠,32,高雄市前鎮區擴建路1-16號13樓,鍾興博,"$1,560,743,320","156,074,332"
5481,新華,20,台北市中山區長春路328號8樓之1,許靜文,"$714,028,910","71,402,891"
5483,中美晶,24,新竹科學園區新竹市工業東二路八號四樓,彭欣瑜,"$6,412,216,510","641,221,651"
5487,通泰,24,新北市中和區建一路166號6樓,郭榮邦,"$242,225,160","24,222,516"
5488,松普,28,桃園市龜山區大華里頂湖五街三號,李振陽,"$915,861,240","91,586,124"
5489,彩富,31,台北市內湖區洲子街116號,林碧芳,"$1,027,064,410","102,706,441"
5490,同亨,25,新竹縣科學園區工業東九路三十號四樓,徐壬謙,"$961,522,010","96,152,201"
5493,三聯,31,台北市大安區復興南路一段390號5樓之3,郭勁廷,"$436,892,550","43,689,255"
5498,凱崴,28,桃園市桃園區大林里21鄰興邦路32號,初從維,"$1,932,835,450","193,283,545"
5508,永信建,14,高雄市新興區六合路183號12樓,陳怡均,"$2,174,281,330","217,428,133"
5511,德昌,14,台中市北區五常里五權路401-1號1樓,黃仲良,"$1,134,400,000","113,440,000"
5512,力麒,14,104台北市中山區吉林路99號8樓,柯賢仁,"$7,663,124,940","766,312,494"
5514,三豐,14,台北市長安東路二段173號7樓,石淑瑛,"$2,361,182,800","236,118,280"
5516,雙喜,14,新竹市民族路186號,鄒慶琦,"$515,452,230","51,545,223"
5520,力泰,14,台北市士林區延平北路七段七號,吳良材,"$599,752,450","59,975,245"
5523,豐謙,14,40360臺中市西區臺灣大道2段501號25樓之1,張嘉玲,"$1,550,014,640","155,001,464"
5529,鉅陞,14,台中市西屯區台灣大道二段633號12樓之3,楊曉暉,"$1,018,374,810","101,837,481"
5530,龍巖,20,台北市南港區經貿二路195號16樓,梁建芸,"$4,200,841,990","420,084,199"
5536,聖暉*,31,台中市西屯區文心路二段201號19樓之1,梁鈞幃,"$620,404,650","124,080,930"
5543,桓鼎-KY,14,"Grand Cayman KY1-1208, Cayman Islands",莊宏偉,"$467,035,930","46,703,593"
5547,久舜,14,台北市內湖區新湖二路257號2樓,蔡長榮,"$452,880,000","45,288,000"
5548,安倉,14,台北市中山區松江路223號6樓,吳東鵬,"$578,450,130","57,845,013"
5601,台聯櫃,15,基隆市七堵區堵南里三合街二號,賴允昌,"$648,000,000","64,800,000"
5603,陸海,15,新北市汐止區大同路2段171-1號12樓,胡玉惠,"$1,048,766,070","104,876,607"
5604,中連,20,台中市西屯區工業區一路7號,侯冠朱,"$1,087,829,680","108,782,968"
5609,中菲行,15,台北市114民權東路六段160號11樓,阮耀樟,"$1,428,840,000","142,884,000"
5701,劍湖山,16,雲林縣古坑鄉永光村大湖口六十七號,曾慶欑,"$1,430,000,000","143,000,000"
5703,亞都麗緻,16,台北市中山區民權東路二段41號,蔡逸文,"$702,395,940","70,239,594"
5704,老爺知,16,台東縣卑南鄉溫泉村龍泉路113巷23號,盧炳宏,"$388,616,580","38,861,658"
5864,致和證,17,台南市北區西門路三段十號,王文促,"$4,544,955,720","454,495,572"
5878,台名,17,臺北市館前路49號11樓,黃俊憲,"$250,243,030","25,024,303"
5902,德記,38,臺南市永康區中正路301號,許娟娟,"$945,000,000","94,500,000"
5903,全家,38,台北市中山北路二段61號7樓,吳勝福,"$2,232,200,000","223,220,000"
5904,寶雅,38,台南市民族路三段74號,沈鴻猷,"$1,064,438,260","106,443,826"
5905,南仁湖,16,高雄市苓雅區光華一路206號21樓之2,何曉光,"$2,816,232,350","281,623,235"
6015,宏遠證,17,台北市信義路四段236號3至5樓及7樓,廖宏彬,"$3,915,816,820","391,581,682"
6016,康和證,17,臺北市基隆路1段176號B1、9樓部分、10樓部分、14樓部分、15樓,康景泰,"$6,865,955,080","686,595,508"
6020,大展證,17,台北市大同區承德路一段17號17樓,曾煥祥,"$2,523,531,540","252,353,154"
6021,美好證,17,臺北市民生東路二段一七四、一七六號四樓,陳以白,"$3,123,909,740","312,390,974"
6023,元大期貨,17,台北市中山區南京東路2段77號2樓(部分)、3樓、4樓、5樓,袁良慧,"$3,199,762,880","319,976,288"
6026,福邦證,17,台北市忠孝西路1段6號5、6、7樓,朱室澄,"$3,961,618,410","396,161,841"
6101,寬魚國際,32,台北市大安區復興南路二段268號12樓,莊偉民,"$1,146,183,710","114,618,371"
6103,合邦,24,新竹巿科學工業園區園區二路11號8樓,林逸洲,"$136,048,910","13,604,891"
6104,創惟,24,新北市新店區北新路三段205號13樓,汪立威,"$911,271,070","91,127,107"
6109,亞元,27,台北市大安區基隆路四段43號研揚大樓7樓,游偉煌,"$678,254,140","67,825,414"
6111,光聚晶電,32,台北市大安區敦化南路2段11巷8號7樓,莊仁川,"$1,090,910,510","109,091,051"
6113,亞矽,29,台北市內湖區洲子街58號7樓,郭芳美,"$525,494,550","52,549,455"
6114,久威,28,台北市內湖區陽光街365巷39號3樓,林金樟,"$439,119,370","43,911,937"
6118,建達,29,新北市新店區中正路531號5樓,黃馴龍,"$908,895,730","90,889,573"
6121,新普,25,新竹縣湖口鄉八德路二段471號,魏靖文,"$1,849,705,190","184,970,519"
6122,擎邦,5,台北市內湖區瑞光路210號5樓,許錦碧,"$780,916,320","78,091,632"
6123,上奇,30,台北市內湖區瑞光路76巷33號3樓,魏茂發,"$620,894,300","62,089,430"
6124,業強,28,(115)臺北市南港區三重路１９-１３號７樓,鄭文豪,"$1,824,799,450","182,479,945"
6125,廣運,26,新北市瑞芳區頂坪路瑞芳工業區69號,沈麗娟,"$2,590,111,500","259,011,150"
6126,信音,28,新竹縣湖口鄉中正路二段209號,胡瑞珍,"$1,278,269,060","127,826,906"
6127,九豪,28,桃園市平鎮區平東路一段160號,陳永倉,"$1,080,797,510","108,079,751"
6129,普誠,24,新北市新店區寶橋路233-1號2樓,胡玉珍,"$1,809,436,750","180,943,675"
6130,上亞科技,22,臺北市內湖區行愛路77巷63號6樓,蔡侑潭,"$443,000,000","44,300,000"
6134,萬旭,28,新北市五股區工業區五工六路72號3樓,李秉哲,"$818,821,170","81,882,117"
6138,茂達,24,新竹科學園區新竹市篤行一路6號,王志信,"$752,760,000","75,276,000"
6140,訊達電腦,30,台北市中山區建國北路二段147號2樓,潘薇馨,"$548,977,600","54,897,760"
6143,振曜,27,新竹縣竹北市博愛街945號,黃子瑋,"$860,588,970","86,058,897"
6144,得利影,32,台北市民權西路53號10樓,楊愛麗,"$382,737,010","38,273,701"
6146,耕興,31,新北市汐止區新台五路一段一０六號六樓,潘鳳雯,"$1,018,671,990","101,867,199"
6147,頎邦,24,新竹市新竹科學園區力行五路三號,羅世蔚,"$7,445,935,390","744,593,539"
6148,驊宏資,30,台北市中正區北平東路30號5樓,高郁芬,"$466,037,570","46,603,757"
6150,撼訊,25,新北市汐止區新台五路一段79號7樓之7,周忠信,"$483,459,850","48,345,985"
6151,晉倫,31,桃園市大園區南港里11鄰長發路250號,簡嘉毅,"$552,573,000","55,257,300"
6154,順發,29,高雄市807三民區建國二路2號,楊佳芳,"$800,800,000","80,080,000"
6156,松上,28,新北市土城區忠承路117號4樓,徐丸杏,"$1,078,750,100","107,875,010"
6158,禾昌,28,桃園市興華路9號,詹朝貴,"$557,072,880","55,707,288"
6160,欣技,25,台北市大安區敦化南路二段333號12樓,張家榮,"$684,891,200","68,489,120"
6161,捷波,25,新北市新店區北新路三段207號9樓,周倩竹,"$562,374,770","56,237,477"
6163,華電網,27,新北市汐止區新台五路一段108號11樓B棟,王榮德,"$1,420,242,340","142,024,234"
6167,久正,26,台中市西屯區工業區六路八號,黃靜妮,"$1,460,000,000","146,000,000"
6169,昱泉,32,臺中市西屯區台灣大道二段633號11樓之5,陳玉真,"$233,949,600","23,394,960"
6170,統振,27,台北市內湖區安美街181號,何明哲,"$972,600,380","97,260,038"
6171,大城地產,14,台中市西屯區台灣大道四段839號6樓,簡淑勤,"$1,000,000,000","100,000,000"
6173,信昌電,28,桃園市楊梅區高獅路566-1號,羅夏盈,"$1,720,000,000","172,000,000"
6174,安碁,28,台中市潭子區建國路11-3號,陳孟成,"$500,000,000","50,000,000"
6175,立敦,28,苗栗縣銅鑼鄉中興工業區中隆二路9號,王國權,"$1,501,218,120","150,121,812"
6179,亞通,20,新北市汐止區新台五路一段96號22樓,楊智鈞,"$1,273,246,500","127,324,650"
6180,橘子,32,台北市內湖區瑞湖街111號,蘇信泓,"$1,754,935,730","175,493,573"
6182,合晶,24,桃園市龍潭區龍潭科學園區龍園一路100號,張憲元,"$5,736,383,300","573,638,330"
6185,幃翔,28,新北市土城區自強街11巷1號3樓,王智增,"$1,498,675,310","149,867,531"
6186,新潤,14,台北市松山區民生東路三段109號8樓(通訊),蔣秀婷,"$1,949,075,980","194,907,598"
6187,萬潤,24,821011 高雄市路竹區路科十路1號,盧慧萱,"$971,269,310","97,126,931"
6188,廣明,25,桃園市龜山區華亞二路58之2號6樓,李志仁,"$2,783,589,100","278,358,910"
6190,萬泰科,27,桃園市中壢區北園路17號(公司:新北市五股區五工六路72號),許玉秀,"$1,864,696,840","186,469,684"
6194,育富,28,桃園市桃園區新埔六街101號24樓,許俊彥,"$480,000,000","48,000,000"
6195,詩肯,38,桃園市龜山區頂湖一街69號,何山壯,"$501,929,420","50,192,942"
6198,瑞築,14,台北市內湖區行善路467號7樓,邱采欣,"$1,714,003,500","171,400,350"
6199,天品,20,新北市中和區板南路657號8樓,洪春木,"$617,600,180","61,760,018"
6203,海韻電,28,台北市內湖區內湖路一段360巷19號8樓,裴琳,"$824,013,700","82,401,370"
6204,艾華,28,桃園市桃園區中正路1221、1223號9樓,成書英,"$231,020,800","23,102,080"
6207,雷科,28,高雄市前鎮區新生路二四八之三十九號,唐靜玲,"$796,799,100","79,679,910"
6208,日揚,24,台南市新市區活水路8號,江慶偉,"$944,623,430","94,462,343"
6210,慶生,28,桃園市中壢區中壢工業區松江北路24號,范揚淵,"$350,480,000","35,048,000"
6212,理銘,14,新竹市公道五路2段419號7樓,曾森縣,"$1,020,000,000","102,000,000"
6217,中探針,28,新北市板橋區和平路24巷8號4樓,楊璽邁,"$1,172,100,180","117,210,018"
6218,豪勉,27,台北市大同區承德路一段70號3樓,蘇惠婉,"$642,620,000","64,262,000"
6219,富旺,14,台中市西區大隆路20號4樓之5,陳永和,"$1,249,670,900","124,967,090"
6220,岳豐,28,桃園市新屋區中山東路二段130巷12-9號,蔡瑞華,"$1,464,626,400","146,462,640"
6221,晉泰,30,新竹市光復路二段289號7F,林永紳,"$1,685,912,060","168,591,206"
6222,立軒,26,新北市林口區文化一路一段258號8樓,池曉鈴,"$705,888,780","70,588,878"
6223,旺矽,24,302新竹縣竹北市中和街 155號,邱靖斐,"$979,813,090","97,981,309"
6227,茂綸,29,新北市新店區北新路三段207-2號14樓,張聖鑫,"$761,117,860","76,111,786"
6228,全譜,25,新北市汐止區大同路一段239號7樓,陳素花,"$260,000,000","26,000,000"
6229,研通,24,新北市汐止區新台五路一段99號31樓之12,黃正華,"$403,607,000","40,360,700"
6231,系微,30,台北市中山區建國北路二段120號16樓,徐心吾,"$456,521,860","45,652,186"
6233,旺玖,24,台北市南港路三段48號7樓,張景棠,"$810,218,960","81,021,896"
6234,高僑,26,台中市437大甲區日南里工七路1號,陳蓬萊,"$1,003,863,980","100,386,398"
6236,中湛,20,台中市南屯區公益路二段51號10樓A室,林岳鋒,"$416,540,390","41,654,039"
6237,驊訊,24,台北市市民大道四段100號6樓,李建榮,"$796,453,710","79,645,371"
6240,松崗,30,臺北市忠孝西路1段50號11樓,顏雅蕙,"$228,673,700","22,867,370"
6241,鑫永洋,27,台南市709安南區工業二路82號,謝景惠,"$487,000,000","48,700,000"
6242,立康,22,台南巿永康區王行里環工路29號,莊祐霖,"$318,065,000","31,806,500"
6244,茂迪,26,新北市深坑區北深路3段248號6樓,王丁召,"$3,870,418,750","387,041,875"
6245,立端,27,新北市汐止區大同路2段173號7樓,周旭龍,"$1,466,083,030","146,608,303"
6246,臺龍,26,新北市新莊區思源路332巷7號3樓,舒逸豪,"$378,514,150","37,851,415"
6248,沛波,10,彰化縣鹿港鎮經建十一路3號,黃霈櫻,"$999,561,490","99,956,149"
6259,百徽,28,台北市內湖區瑞湖街199號3樓,羅偉昌,"$267,661,460","26,766,146"
6261,久元,24,新竹市科學工業園區科技路5號4F,陳巧芬,"$1,284,979,890","128,497,989"
6263,普萊德,27,新北市新店區民權路96號10樓,林滿足,"$625,009,640","62,500,964"
6264,富裔,14,台北市信義區松仁路277號18樓,祝泓真,"$1,363,552,910","136,355,291"
6265,方土昶,29,新北市新店區寶中路92號10樓,林芳燕,"$1,181,721,510","118,172,151"
6266,泰詠,28,新竹市香山區埔前里牛埔東路480號,王政豐,"$1,538,716,410","153,871,641"
6270,倍微,29,新北市汐止區新台五路一段75號5樓,黃美津,"$721,457,590","72,145,759"
6274,台燿,28,新竹縣竹北市博愛街803號,黃文旭,"$2,886,993,870","288,699,387"
6275,元山,28,高雄市仁武區仁發六路6號,劉賢文,"$792,570,750","79,257,075"
6276,安鈦克,25,台北市內湖區洲子街107號8樓,陳明勇,"$220,430,000","22,043,000"
6279,胡連,28,新北市汐止區福德一路342巷1號,高士翔,"$1,190,157,360","119,015,736"
6284,佳邦,28,苗栗縣竹南鎮公義里11鄰科義街11號,曾華成,"$1,489,803,410","148,980,341"
6290,良維,28,台北市長安東路一段36號10樓,李博宇,"$1,591,307,240","159,130,724"
6291,沛亨,24,新竹縣竹北市博愛街945號,黃子瑋,"$420,000,000","42,000,000"
6292,迅德,28,桃園縣龜山鄉民生北路一段38-1號,張美薇,"$466,007,120","46,600,712"
6294,智基,32,台南市北區成功路114號10樓之1,黃盈圖,"$260,471,060","26,047,106"
6411,晶焱,24,235603新北市中和區建八路2號18樓,洪如真,"$992,306,310","99,230,631"
6417,韋僑,27,台中市大里區仁化工二路99號,張祐棋,"$422,740,000","42,274,000"
6418,詠昇,28,桃園市中壢區中福路二段十巷二號,林孝勳,"$345,220,000","34,522,000"
6419,京晨科,26,新北市中和區建八路16號18樓之2,楊文彬暫代,"$131,591,700","13,159,170"
6423,億而得,24,新竹縣竹北市台元二街12號11樓之2,陳香綺,"$300,145,200","30,014,520"
6425,易發,5,桃園市中壢區自強四路3-2號,洪士傑,"$486,020,000","48,602,000"
6432,今展科,28,新北市三重區重新路五段646號14樓,任若琳,"$322,417,710","32,241,771"
6435,大中,24,新竹科學園區篤行一路6號5樓,薛添福,"$374,613,000","37,461,300"
6441,廣錠,25,新北市汐止區新台五路一段93號24樓,廖良彬,"$533,184,290","53,318,429"
6461,益得,22,台北市內湖區瑞光路358巷36號3樓,皮先智,"$1,784,047,610","178,404,761"
6462,神盾,24,台北市內湖區瑞光路360號2樓之1,李宜平,"$912,507,540","91,250,754"
6465,威潤,27,台北巿內湖區潭美街539號6樓,吳柏慶,"$470,736,850","47,073,685"
6469,大樹,22,桃園市桃園區復興路186號18樓,盧山峰,"$1,496,992,020","149,699,202"
6470,宇智,27,新竹市金山八街1號3樓,袁允中,"$376,941,000","37,694,100"
6474,華豫寧,29,台中市北區進化北路238號4樓之8,蔡武安,"$525,261,990","52,526,199"
6482,弘煜科,32,台中市臺灣大道二段186號15樓之2,劉素幸,"$286,344,630","28,634,463"
6485,點序,24,新竹縣竹北市環科一路31號8樓之1,陳美智,"$452,470,080","45,247,008"
6486,互動,27,新北市五股區五工五路三十八之一號,陳美琪,"$508,932,860","50,893,286"
6488,環球晶,24,新竹科學園區新竹市工業東二路八號,彭欣瑜,"$4,781,137,250","478,113,725"
6492,生華科,22,新北市新店區北新路3段225號10樓,張小萍,"$899,036,200","89,903,620"
6494,九齊,24,新竹市水利路81號7樓之1,黃英傑,"$315,596,900","31,559,690"
6496,科懋,22,台北市南港區忠孝東路七段508號5樓,陳銘策,"$475,027,550","47,502,755"
6498,久禾光,26,臺中市西屯區工業區六路8號3樓,鄭錫勳,"$471,648,920","47,164,892"
6499,益安,22,台北市士林區後港街116號7F,陳靖宜,"$969,448,930","96,944,893"
6506,雙邦,4,南投縣南投市永興路3號,許瑜娟,"$823,608,260","82,360,826"
6508,惠光,33,台南市麻豆區麻佳路一段259號,朱秋碧,"$865,388,640","86,538,864"
6509,聚和,21,高雄市大寮區潮寮里華東路28號,鄭仲生,"$1,965,433,260","196,543,326"
6510,精測,24,桃園巿平鎮區工業三路15號,黃水可,"$327,890,220","32,789,022"
6512,啟發電,31,新竹縣竹北市復興一街251號5樓之1,吳佳芳,"$252,600,000","25,260,000"
6516,勤崴國際,30,台北市中正區羅斯福路二段100號4樓,黃晟中,"$563,369,350","56,336,935"
6517,保勝光學,26,台中市潭子區建國路14號,黃雅蓉,"$305,790,530","30,579,053"
6523,達爾膚,22,台北市中山區南京東路三段70號13樓,鄭淑菁,"$450,476,250","45,047,625"
6527,明達醫,22,桃園市桃園區中山路956巷116號,莊仲平,"$254,585,500","25,458,550"
6530,創威,27,新北市新店區寶中路119號6樓,陳鵬宇,"$337,500,000","33,750,000"
6532,瑞耘,24,新竹縣湖口鄉新竹工業區大同路19號,呂學恒,"$374,451,470","37,445,147"
6535,順藥,22,台北市南港區園區街3-2號4樓,班韜,"$1,688,168,250","168,816,825"
6538,倉和,28,桃園市龜山區萬壽路一段492之16號3樓,李正&#29641;,"$380,730,000","38,073,000"
6542,隆中,32,臺中市北區健行路360號2樓之3,蘇建東,"$420,006,300","42,000,630"
6546,正基,27,新竹縣竹北市環科一路23號六樓之二,魏瀅洳,"$668,484,490","66,848,449"
6547,高端疫苗,22,新竹科學工業園區新竹縣竹北市生醫三路68號,李思賢,"$3,287,490,500","328,749,050"
6548,長科*,24,高雄市楠梓區開發路24號,顏淑萍,"$380,195,480","950,488,700"
6556,勝品,26,桃園市桃園區大誠路 10 號,林貞宏,"$287,500,000","28,750,000"
6560,欣普羅,26,新北市新莊區思源路23號6F,劉繼鴻,"$324,747,150","32,474,715"
6561,是方,27,台北市內湖區瑞光路68號2樓,劉耀元,"$779,583,700","77,958,370"
6568,宏觀,24,新竹縣竹北市成功十二街28號8樓,陳俊傑,"$308,290,000","30,829,000"
6569,醫揚,22,新北市新店區寶橋路235巷135號4樓,陳盈德,"$390,707,450","39,070,745"
6570,維田,25,新北市中和區建一路186號15樓之1,劉則瑩,"$371,191,700","37,119,170"
6574,霈方,22,台北市大安區忠孝東路四段310號6樓,呂慶盛,"$219,900,000","21,990,000"
6576,逸達,22,台北市南港區三重路19-3號9樓之2,詹孟恭,"$1,574,937,630","157,493,763"
6577,勁豐,25,台北市內湖區環山路一段30號1樓,杜懷琪,"$600,601,450","60,060,145"
6578,達邦蛋白,33,台南市安南區工業三路52號,陳威辰,"$719,419,010","71,941,901"
6584,南俊國際,28,桃園市桃園區幸福路202號6樓,吳仁山,"$667,625,110","66,762,511"
6588,東典光電,27,宜蘭縣五結鄉利工一路二段70號,翁誠懋,"$347,008,250","34,700,825"
6590,普鴻,30,台北市松山區光復南路1號9樓之2,黃可清,"$249,640,380","24,964,038"
6593,台灣銘板,30,桃園市龜山區華亞一路36號,蘇文輝,"$309,114,720","30,911,472"
6596,寬宏藝術,32,臺北市中山區樂群二路267號6樓,汪聖柏,"$380,000,000","38,000,000"
6597,立誠,28,桃園市蘆竹區南山路二段303號2樓,孫思隆,"$300,422,500","30,042,250"
6603,富強鑫,5,台南市關廟區埤頭里保東路269號,張銀鶯,"$1,672,205,920","167,220,592"
6609,瀧澤科,5,桃園市平鎮區延平路三段505號,林振詠,"$724,562,460","72,456,246"
6612,奈米醫材,22,新竹縣竹北市生醫路2段16號4樓,陳丹荔,"$475,145,840","47,514,584"
6613,朋億*,31,新竹縣竹北市嘉豐南路二段76號10樓之1,馬蔚,"$389,007,425","77,801,485"
6615,慧智,22,台北市中正區重慶南路1段66之1號4樓之2,洪加政,"$215,934,000","21,593,400"
6616,特昇-KY,38,"4F,Harbour Place,103 South Church St,POBox10240 CaymanIsland",余麗群,"$354,784,730","35,478,473"
6617,共信-KY,22,"P.O.Box 32052, Grand Cayman KY1-1208, Cayman Islands",林懋元,"$1,275,061,000","127,506,100"
6620,漢達,22,南部科學園區 臺南市新市區南科三路23號3樓之1、3樓之2,楊啟余,"$1,699,831,000","169,983,100"
6624,萬年清,35,台中市西屯區龍富路五段261號,曾曉文,"$224,366,280","22,436,628"
6629,泰金-KY,38,台北市中山區松江路152號13樓,黃晟修,"$383,712,180","38,371,218"
6637,醫影,22,台北巿信義區忠孝東路五段510號19樓之2,車昕穎,"$268,100,000","26,810,000"
6640,均華,24,新北市土城區民生街2-1號,石敦智,"$282,765,000","28,276,500"
6642,富致,28,新北市五股區五工一路111號,吳敏男,"$373,996,620","37,399,662"
6643,M31,24,新竹縣竹北市台元二街8號9樓,蘇芷儀,"$417,981,600","41,798,160"
6649,台生材,22,新竹科學園區新竹縣竹北市生醫路一段188號1樓,王文熙,"$420,000,000","42,000,000"
6651,全宇昕,24,新北市中和區中正路716號15樓之7,李徐華,"$346,015,410","34,601,541"
6654,天正國際,31,高雄市仁武區仁發六路2號,郭彥甫,"$409,627,200","40,962,720"
6661,威健生技,22,台北市南港區園區街3號12樓,陳盈任,"$233,042,480","23,304,248"
6662,樂斯科,22,台北市南港區重陽路316號2樓,陳永煥,"$256,124,000","25,612,400"
6664,群翊,28,桃園市楊梅區和平路188號,余添和,"$608,065,700","60,806,570"
6667,信紘科,31,苗栗縣竹南鎮公義里友義路66號,王怡文,"$492,788,780","49,278,878"
6679,鈺太,24,新竹科學園區篤行路6-1號5樓,林俊弘,"$549,753,350","54,975,335"
6680,鑫創電子,25,新北市中和區中原街95號8樓,張甄珍,"$238,712,100","23,871,210"
6683,雍智科技,24,新竹縣竹北市環科一路33號九樓之二,黃榮彬,"$275,571,610","27,557,161"
6684,安格,24,新竹縣竹北市高鐵二路55號,呂妍儀,"$445,594,960","44,559,496"
6690,安碁資訊,36,臺北市南港區南港路三段9號13樓,譚百良,"$299,997,200","29,999,720"
6692,進能服,35,臺北市內湖區新湖二路257號6樓,厲國欽,"$588,238,900","58,823,890"
6693,廣閎科,24,新竹縣竹北市台元二街8號8樓之3,潘嘉君,"$457,200,000","45,720,000"
6697,東捷資訊,30,台北市南港區三重路19-8號5樓,黃錦郎,"$273,233,640","27,323,364"
6703,軒郁,22,台北市松山區民生東路三段109號5樓,陳慧玲,"$329,838,270","32,983,827"
6708,天擎,24,新竹科學園區新竹市力行一路1號3樓C5室,何宗明,"$290,087,790","29,008,779"
6712,長聖,22,中部科學工業園區臺中市大雅區科雅路30號4樓,許錦婷,"$969,209,630","96,920,963"
6716,應廣,24,新竹市公道五路三段1號6樓之6,李仁修,"$302,773,140","30,277,314"
6720,久昌,24,新竹科學園區新竹市東區篤行路6-1號2樓,吳孟家,"$300,817,410","30,081,741"
6721,信實,20,新竹縣竹北市台元二街8號6樓之一,趙雪吟,"$225,000,000","22,500,000"
6725,矽科宏晟,31,新竹縣竹北市竹北里台元一街5號13樓之2,柯燦塗,"$371,300,000","37,130,000"
6727,亞泰金屬,28,桃園市楊梅區民富路二段199巷16號,梁秀如,"$268,841,770","26,884,177"
6728,上洋,38,新北市五股區五權六路39號,吳國華,"$301,100,000","30,110,000"
6730,常廣,22,台中市大甲區工一路29號,陳正雄,"$362,981,510","36,298,151"
6732,昇佳電子,24,新竹縣竹北市台元二街6號11樓,魏良光,"$489,126,180","48,912,618"
6733,博晟生醫,22,台北市南港區園區街3之2號4樓,趙叔威,"$1,243,560,260","124,356,026"
6735,美達科技,31,新北市中和區連城路268號15樓,王羿人,"$461,822,920","46,182,292"
6739,竹陞科技,31,新竹縣竹北市保泰六路1號1樓,劉冠君,"$233,682,500","23,368,250"
6741,91APP*-KY,36,"P.O. Box 10655, Grand Cayman, KY1-1006, Cayman Islands",楊明芳,"$602,889,985","120,577,997"
6751,智聯服務,30,新竹縣竹北市環科一路33號6樓之3,韓政達,"$222,000,000","22,200,000"
6752,叡揚,30,台北市中山區德惠街9號5樓,林秋丹,"$371,441,470","37,144,147"
6761,穩得,28,新北市新店區寶橋路188號6樓及6樓之1,楊正男,"$349,558,670","34,955,867"
6762,達亞,22,桃園市蘆竹區南山路一段200號,魏鴻文,"$351,717,020","35,171,702"
6763,綠界科技*,36,台北市南港區三重路19-2號6樓之2,劉士維,"$184,039,130","184,039,130"
6767,台微醫,22,新竹科學園區新竹縣竹北市生醫路2段26號1樓,蘇義鈞,"$391,836,300","39,183,630"
6785,昱展新藥,22,台中市大雅區科雅路32號5樓,文永順,"$668,000,000","66,800,000"
6788,華景電,24,苗栗縣竹南鎮科義街41號,管恩虎,"$387,396,830","38,739,683"
6791,虎門科技,30,新北市板橋區縣民大道二段68號11樓,楊涪嵐,"$208,470,000","20,847,000"
6803,崑鼎,35,台北市北投區福善路16號12樓,刁秀華,"$726,541,800","72,654,180"
6804,明係,37,彰化縣大村鄉大橋村中山路三段1 號,吳佩純,"$350,000,000","35,000,000"
6811,宏碁資訊,36,台北市南港區南港路三段9號18樓,鄭和星,"$414,490,000","41,449,000"
6821,聯寶,28,新北市新店區寶橋路235巷125號5樓之2,譚偉傑,"$314,549,650","31,454,965"
6823,濾能,24,桃園市楊梅區中山里中山北路一段199巷98號2樓,葉博雅,"$305,084,750","30,508,475"
6829,千附精密,24,中部科學園區台中巿后里區后科南路28號,陳姝朱(代),"$591,690,000","59,169,000"
6840,東研信超,31,臺北市114內湖區舊宗路二段171巷18號4樓,張馨予,"$307,414,100","30,741,410"
6841,長佳智能,22,臺中市北屯區經貿路1段360號8樓,李友錚,"$951,980,000","95,198,000"
6843,進典,5,桃園市楊梅區青年路6-1號,黃彥文,"$333,040,000","33,304,000"
6844,諾貝兒,22,高雄市三民區大昌二路87號,許耀鴻,"$374,284,400","37,428,440"
6846,綠茵,2,台中市大雅區科雅路43號5樓,曾秋雪,"$270,282,190","27,028,219"
6855,數泓科,31,臺中市潭子區北環路15-1號,李明華,"$232,497,160","23,249,716"
6856,鑫傳,32,臺中市大里區國光路一段68號,王盛春,"$282,000,000","28,200,000"
6859,伯特光,26,台中市潭子區潭富路一段87巷35號,陳永軒,"$415,886,000","41,588,600"
6865,偉康科技,36,台北市松山區南京東路五段161號4樓,黃閔(糸秀),"$158,301,450","15,830,145"
6870,騰雲,36,新北市汐止區新台五路一段99號11樓之11,張婷婷,"$233,482,400","23,348,240"
6872,浩宇生醫,22,台北市南港區忠孝東路七段508號16樓,昌廷光,"$707,505,110","70,750,511"
6874,倍力,30,臺北市松山區南京東路四段16號12樓,陳信益,"$220,000,000","22,000,000"
6875,國邑*,22,台北市南港區忠孝東路七段508號11樓,甘霈,"$645,764,020","129,152,804"
6877,鏵友益,31,高雄市路竹區北嶺六路88號,瞿淑婷,"$469,671,220","46,967,122"
6881,潤德,20,台北市中山區八德路二段308號11樓之1,許茲榮,"$150,000,000","15,000,000"
6884,海柏特,30,新北市汐止區新台五路一段82號7樓,林俊男,"$183,900,000","18,390,000"
6894,衛司特,35,台中市西屯區何成里大墩19街186號12樓之1,林浚丞,"$238,000,000","23,800,000"
6895,宏碩系統,24,35151 苗栗縣頭份市中正路598巷31號,杜玉凌,"$341,000,000","34,100,000"
6899,創為精密,26,基隆市安樂區武訓街84號,&#28201;呈祥,"$423,984,910","42,398,491"
6903,巨漢,31,新竹市東區東園里中華路1段324號8樓,羅瑞鴻,"$666,760,000","66,676,000"
6904,伯鑫,20,台中市神岡區中山路893巷9-2號,吳昌旻,"$185,000,000","18,500,000"
6907,雅特力-KY,24,"PO Box 309, Ugland House, Grand Cayman, KY1-1104, Cayman",黃源旗,"$621,740,000","62,174,000"
6910,德鴻,36,台北市大同區重慶北路2段243號13樓,曾政行,"$305,210,000","30,521,000"
6913,鴻呈,28,新北市中和區中正路880號7樓,林星宏,"$438,488,630","43,848,863"
6922,宸曜,25,新北市中和區建八路198號11樓,藍林忠,"$271,553,850","27,155,385"
6925,意藍,36,台北市中正區杭州北路26號12樓,楊立偉,"$200,003,000","20,000,300"
6929,佑全,22,台中市西屯區台灣大道四段925號20樓之1,文德蘭,"$450,675,000","45,067,500"
6953,家碩,24,新竹縣竹北市嘉豐十一路一段117號,劉孟娟,"$300,146,000","30,014,600"
6961,旅天下,16,台北市中山區民生東路3段10號6樓,許哲郎,"$268,340,000","26,834,000"
6967,汎瑋材料,28,臺中市西屯區協和里工業區38路185之2號,李輝祥,"$249,044,770","24,904,477"
6968,萬達寵物,38,台北市中山區長安東路1段23號4樓之3,王湘志,"$494,473,330","49,447,333"
6971,惠民實業,35,台北市松山區民生東路三段135號5樓,楊仁彰,"$386,680,000","38,668,000"
6982,大井泵浦,5,新北市三芝區大片頭83之14號,張登溪,"$406,491,000","40,649,100"
6996,力領科技,24,新竹縣竹北市台元一街5號6樓之9,楊尚仁,"$420,053,330","42,005,333"
6997,博弘,36,臺北市中山區樂群二路267號5樓之8,何冠生,"$221,005,000","22,100,500"
7402,邑錡,26,台北市內湖區瑞光路588號9樓,周裕欽,"$352,796,220","35,279,622"
7547,碩網,36,新北市新店區北新路1段86號20樓,邱仁鈿,"$332,040,000","33,204,000"
7556,意德士科技,24,台北市民生東路二段170號4樓,莊雅月,"$273,196,630","27,319,663"
7584,樂意,32,新北市新店區北新路三段205-3號9樓,梁敏永,"$164,628,080","16,462,808"
7642,昶瑞機電,5,臺中市龍井區台西南路272號,呂志峰,"$301,500,000","30,150,000"
7703,銳澤,31,新竹縣竹北市嘉豐南路二段76號9樓之1,曾建程,"$347,450,000","34,745,000"
7704,明遠精密,24,新竹縣竹北市中和街191巷31號,洪本原,"$337,698,040","33,769,804"
7708,全家餐飲,16,台北市中山區中山北路二段61號3樓,辛紫綾,"$255,000,000","25,500,000"
7709,榮田,5,高雄市湖內區中山路二段6號,李振宏,"$391,027,400","39,102,740"
7712,博盛半導體,24,新竹縣竹北市高鐵二路３２號６樓之3,彭卓蘭,"$325,618,730","32,561,873"
7713,威力德生醫,22,高雄市三民區民族一路80號19樓之1、2,羅怡君,"$454,788,430","45,478,843"
7714,創泓科技,36,臺北市內湖區洲子街77號10樓,曾耀德,"$210,000,000","21,000,000"
7715,裕山,35,高雄市三民區民族一路80號30樓之二,官長勝,"$337,345,000","33,734,500"
7716,昱臺國際,15,台北市中山區南京東路三段28號4樓,蕭家辭,"$225,000,000","22,500,000"
7717,萊德光電-KY,27,新北市中和區中正路872號15樓之1,沈培生,"$247,776,980","24,777,698"
7718,友鋮,10,台南市東區東門路一段358號9樓之4,張棟卿,"$463,564,840","46,356,484"
7723,築間,16,台中市西屯區臺灣大道三段789號14樓之2,高偉傑,"$506,195,500","50,619,550"
7728,光焱科技,31,高雄市路竹區路科五路96號1樓,廖清霖,"$138,540,800","13,854,080"
7734,印能科技,24,新竹市香山區大湖路173號,蘇桓平,"$280,000,000","28,000,000"
7738,東聯互動,36,新北市土城區中央路四段51號7樓-1,吳侑勳,"$273,557,990","27,355,799"
7743,金利食安,2,屏東縣屏東市前進里5鄰園西街15號,殷豪,"$364,833,380","36,483,338"
7744,崴寶,28,臺中市西屯區市政北七路186號11樓之9,范崇德,"$320,000,000","32,000,000"
7747,昕奇雲端,36,臺北市內湖區瑞光路76巷33號2樓,黃國&#23791;,"$274,260,000","27,426,000"
7751,竑騰,24,高雄市楠梓區經六路61號,羅亦淞,"$268,886,000","26,888,600"
7753,星亞,26,新竹科學園區新竹市力行五路1號8樓,李柏龍,"$250,000,000","25,000,000"
7757,金色三麥,16,新北市三重區新北大道2段260號,葉淑芬,"$241,000,000","24,100,000"
7767,仁大資訊,30,新北市五股區五工三&#63799;118 號,陳宏明,"$301,000,000","30,100,000"
7770,君曜,24,新竹市東區光復路二段2巷49-1號2樓,江佳蓁,"$300,620,530","30,062,053"
7777,能率亞洲,20,台北市南京東路三段248號6樓之2,游智元,"$1,825,000,000","182,500,000"
7782,光速火箭,38,新北市新莊區新北大道二段217號8F,蘇志和,"$232,130,000","23,213,000"
7792,安葆,31,新北市新店區北新路三段207-5號5樓,陳志復,"$426,720,000","42,672,000"
7805,威聯通,36,新北市汐止區中興路22號2樓,陳怡蓉,"$328,251,010","32,825,101"
7810,捷創科技,24,新竹市東區關新里關新路27號6樓之1,鄭文吉,"$202,500,000","20,250,000"
8024,佑華,24,新竹市光復路2段295號9樓之1,翁啟培,"$451,601,000","45,160,100"
8027,鈦昇,5,高雄市燕巢區橫山路六十一號,林傑倫,"$1,074,805,290","107,480,529"
8032,光菱,29,新北市汐止區新台五路一段79號9樓之7,帥緒廷,"$518,103,000","51,810,300"
8034,榮群,27,新竹科學工業園區工業東九路五號３樓,黃鳳珠,"$565,863,530","56,586,353"
8038,長園科,28,(407)中部科學工業園區台中市西屯區科雅東路9號,張惇育,"$622,781,900","62,278,190"
8040,九暘,24,新竹市光復路2段2巷47號10樓之1,王婉娥,"$964,138,740","96,413,874"
8042,金山電,28,新北市三重區光復路一段六十八巷十一弄一號二樓,陳安琪,"$1,294,625,490","129,462,549"
8043,蜜望實,28,台北市內湖區內湖路1段316號8樓,蔡素卿,"$799,071,700","79,907,170"
8044,網家,36,台北市敦化南路二段105號12樓,林佳慧,"$2,056,470,650","205,647,065"
8047,星雲,31,新北市汐止區福德二路236號4樓-1,方彥凱,"$416,663,430","41,666,343"
8048,德勝,27,台北市南港路三段50巷1號3樓,楊育哲,"$577,057,520","57,705,752"
8049,晶采,26,新北市汐止區新台五路一段116號4樓,陳科宏,"$1,182,798,080","118,279,808"
8050,廣積,25,台北市南港區園區街3號15樓之1,商志宏,"$2,051,780,350","205,178,035"
8054,安國,24,臺北市南港區三重路66號9樓之1,蔡玲君,"$1,057,725,660","105,772,566"
8059,凱碩,27,新北市深坑區北深路三段141巷14號,吳麗美,"$1,938,497,500","193,849,750"
8064,東捷,26,南部科學園區台南市新市區南科六路9號,陳贊仁,"$1,648,178,360","164,817,836"
8066,來思達,38,臺北市內湖區新湖一路86號3樓,丁邦成,"$296,423,040","29,642,304"
8067,志旭,29,新北市三重區新北大道二段260號十四樓,陳紀菁,"$207,000,000","20,700,000"
8068,全達,29,臺北市內湖區內湖路一段360巷15號8樓之1,黃立維,"$807,659,490","80,765,949"
8069,元太,26,新竹市科學園區力行一路3號,陳樂群,"$11,504,762,590","1,150,476,259"
8071,能率網通,28,新北市汐止區康寧街169巷27號13樓之一,胡湘麒,"$600,842,830","60,084,283"
8074,鉅橡,28,台南市佳里區海澄里萊芊寮12-27號,馮興運,"$809,744,660","80,974,466"
8076,伍豐,25,新北市汐止區新台五路一段七十五號十樓,賴盈甫,"$2,922,135,920","292,213,592"
8077,洛碁,16,臺北市中山區南京東路2段69號3樓,崔潔民,"$219,456,690","21,945,669"
8080,泰霖,14,台北市中山區植福路308號3樓,蕭美智,"$671,638,210","67,163,821"
8083,瑞穎,5,新北市新莊區新北產業園區五權三路八號,楊金義,"$351,331,930","35,133,193"
8084,巨虹,29,新北市中和區連城路258號9樓之1,陳敏俊,"$695,141,490","69,514,149"
8085,福華,31,台北市中山北路三段22號,宋成璽,"$1,399,830,600","139,983,060"
8086,宏捷科,24,南部科學園區台南市新市區大利一路6號,薛文翔,"$1,965,161,230","196,516,123"
8087,麗升能源,35,110404台北市信義區松高路1號10樓之1,邱美雅,"$389,853,420","38,985,342"
8088,品安,24,台北市內湖區成功路五段４６０號 9 樓,吳惠珠,"$609,217,499","60,921,749"
8089,康全電訊,27,新北市三重區重新路5段609巷10號3樓之1,王淑靜,"$659,987,180","65,998,718"
8091,翔名,24,新竹巿香山區牛埔南路221號,吳予彤,"$527,601,140","52,760,114"
8092,建暐,31,高雄市鳳山區鎮北里鎮北北巷20-16號,張宏傑,"$571,723,250","57,172,325"
8093,保銳,28,桃園市桃園區經國路888號2樓之1,張智雅,"$365,675,670","36,567,567"
8096,擎亞,29,台北市南港區園區街3-2號13樓,陳鴻義,"$1,493,430,660","149,343,066"
8097,常珵,27,新北市樹林區博愛街236號1樓,李靜宜,"$638,024,680","63,802,468"
8099,大世科,30,台北市中山北路三段22號,許秋嬋,"$1,000,728,000","100,072,800"
8102,傑霖科技,24,新北巿中和區建一路179號8樓,陳崇文,"$233,583,500","23,358,350"
8107,大億金茂,5,台南市南區新樂路39號,劉茵姍,"$750,000,000","75,000,000"
8109,博大,28,台中市工業區22路36號,吳忠原,"$821,612,360","82,161,236"
8111,立碁,26,238新北市樹林區博愛街238號,黃冠甄,"$1,091,022,230","109,102,223"
8121,越峰,28,台北市內湖區基湖路39號8樓,王敏華,"$2,129,937,430","212,993,743"
8147,正淩,28,新北市汐止區康寧街169巷1號5樓,劉偉豪,"$410,786,660","41,078,666"
8155,博智,28,桃園市龍潭區烏林里工二路128號,林于凱,"$557,675,500","55,767,550"
8171,天宇,35,新北市新店區民權路130巷8號5樓,劉奇威,"$1,128,533,260","112,853,326"
8176,智捷,27,30078新竹市科學工業園區新安路8號5樓,吳佳芳,"$717,010,000","71,701,000"
8182,加高,28,高雄市大寮區大發工業區華東路39號,陳毓宏,"$1,070,412,150","107,041,215"
8183,精星,31,新竹縣湖口鄉鳳凰村實踐路12號,黃伯彰,"$1,212,510,680","121,251,068"
8227,巨有科技,24,台北市內湖路一段88號8樓,宋志翔,"$395,430,000","39,543,000"
8234,新漢,25,新北市中和區中正路920號9樓,陳原彬,"$1,412,264,720","141,226,472"
8240,華宏,26,高雄市前金區中正四路235號11樓6-7室,林志明,"$1,000,044,140","100,004,414"
8255,朋程,5,桃園市蘆竹區南崁路2段22號1樓,吳憲忠,"$1,017,974,800","101,797,480"
8272,全景軟體,30,新竹科學園區新竹縣寶山鄉園區二路48號2樓,楊文和,"$189,977,550","18,997,755"
8277,商丞,24,台北市內湖區瑞光路513巷22弄5號3樓之6,謝大偉,"$916,288,330","91,628,833"
8279,生展,22,台南市新營區開元路154號A棟,吳介尊,"$271,008,510","27,100,851"
8284,三竹,30,台北市中山區新生北路二段39號11樓,方和慶,"$463,420,000","46,342,000"
8289,泰藝,28,新北市樹林區樹潭街5號,楊麗菊,"$683,337,650","68,333,765"
8291,尚茂,28,桃園市大園區濱海路二段208號,胡志強,"$174,784,500","17,478,450"
8299,群聯,24,新竹縣竹北市復興一街251號10樓之6,于志強,"$2,079,733,280","207,973,328"
8342,益張,20,彰化縣埤頭鄉崙腳村興工路四號,蘇明宏,"$335,366,920","33,536,692"
8349,恒耀國際,10,台南市東區長榮路一段203號3樓,許繼文,"$2,188,213,910","208,821,391"
8354,冠好,20,南投縣南投市成功三路239號,何志平,"$785,322,630","78,532,263"
8358,金居,28,台北市內湖區瑞光路392號18樓,李思賢,"$2,525,880,000","252,588,000"
8383,千附,24,桃園市蘆竹區南崁路一段99號9樓,龔慧慈,"$1,137,604,820","113,760,482"
8390,金益鼎,35,新竹市西濱路六段五九九號,莊瑞瑾,"$961,161,280","96,116,128"
8401,白紗科,20,台中市太平區祥順路1段116號,賴富美,"$706,690,580","70,669,058"
8403,盛弘,22,桃園市經國路168號19樓,何偉光,"$1,376,403,430","137,640,343"
8409,商之器,22,(11493)台北市內湖路一段516號5樓,陳迪智,"$320,000,000","32,000,000"
8410,森田,25,台南市安南區科技五路85號,陳俊雄,"$365,892,000","36,589,200"
8415,大國鋼,10,(717)台南市仁德區義林路122號,張地金,"$10,315,000,000","1,031,500,000"
8416,實威,30,台北市內湖區行愛路78巷28號5樓之5,許泰源,"$282,107,100","28,210,710"
8421,旭源,20,新竹縣新埔鎮新龍路98巷33弄10號,楊素鍰,"$548,171,400","54,817,140"
8423,保綠-KY,35,"Cannon Place, P.O.Box712,North Sound Rd., Grand Cayman",李雲山,"$417,140,300","41,714,030"
8424,惠普,14,台北市內湖區新湖一路8號5樓,許嘉明,"$360,543,680","36,054,368"
8426,紅木-KY,20,"One Nexus Way Camana Bay, Grand Cayman, Cayman Islands",蘇聰明,"$502,425,000","50,242,500"
8431,匯鑽科,31,台北市內湖區新湖一路151號7樓,俞伯璋,"$487,783,310","48,778,331"
8432,東生華,22,台北市南港區園區街3之1號3樓之1,高榮良,"$383,981,400","38,398,140"
8433,弘帆,38,台北市內湖區內湖路一段360巷17號5樓,曹雪芳,"$542,128,740","54,212,874"
8435,鉅邁,20,新北市汐止區新台五路一段77號5樓之4,楊鵑菱,"$317,004,500","31,700,450"
8436,大江,22,(11494)台北市內湖區港墘路187號8樓,邱薇穎,"$1,177,288,300","117,728,830"
8437,大地-KY,20,台北市衡陽路51號11樓217室,范文奇,"$470,140,700","47,014,070"
8440,綠電,35,32669桃園市楊梅區頭湖里泰圳路313巷128號,陳俊龍,"$502,552,990","50,255,299"
8444,綠河-KY,20,"222 Moo 4, T.Thachang, A.Bangklum, Songkhla, Thailand",王聖豐,"$1,111,668,450","111,166,845"
8446,華研,32,(104)台北市中山區建國北路二段135號15樓,李首賢,"$529,144,050","52,914,405"
8450,霹靂,32,新北市汐止區新台五路一段95號32樓,黃文章,"$513,099,470","51,309,947"
8455,大拓-KY,31,"190 ElginAvenue,George Town, Grand Cayman KY1-9005,Cayman",尾崎史照,"$252,190,560","25,219,056"
8472,夠麻吉,36,新北市新店區北新路2段262號2樓之6,施凱文,"$177,358,000","17,735,800"
8477,創業家,36,台南市仁德區中山路6號4樓,蔡忠佑,"$641,706,160","64,170,616"
8489,三貝德,20,新北市三重區重新路五段609巷2號5樓,欽憶弘,"$592,988,970","59,298,897"
8905,裕國,20,台中市西屯區工業二路三號,楊盛昌,"$1,194,400,000","119,440,000"
8906,花王,20,新北市土城區中山路六十五號,莊秋賢,"$440,373,700","44,037,370"
8908,欣雄,23,高雄市鳳山區國泰路一段99號,王定中,"$3,153,327,420","315,332,742"
8916,光隆,20,台北市敦化南路二段105號16樓,李柏彥,"$1,502,109,510","149,948,391"
8917,欣泰,23,新北市土城區中華路2段221號,王際誠,"$1,626,524,590","162,652,459"
8921,沈氏,20,新北市土城區中央路1段365巷7號3樓,方世調,"$465,921,590","46,592,159"
8923,時報,32,台北市萬華區和平西路3段240號1至7樓,黃振元,"$303,758,000","30,375,800"
8924,大田,37,屏東縣內埔鄉豐田村建富路8號,鍾政義,"$838,000,000","83,800,000"
8927,北基,23,新北市板橋區新海路137號,廖順慶,"$4,277,963,670","427,796,367"
8928,鉅明,37,高雄市大寮區大寮區和業八路8號,顏志憲,"$508,540,150","50,854,015"
8929,富堡,20,台北市中正區忠孝東路2段130號2樓之3,葉倚妡,"$505,808,620","50,580,862"
8930,青鋼,10,台南市官田區二鎮里工業路九號,施俊男,"$818,094,060","81,809,406"
8931,大汽電,23,桃園市大園區北港里14鄰潮音北路276號,張世陽,"$1,222,548,620","122,254,862"
8932,智通*,20,台北市內湖區洲子街196號7樓,陳淑雯,"$894,908,210","178,981,642"
8933,愛地雅,37,台中市梧棲區草湳里港埠路一段497號,賴名美,"$3,267,243,050","326,724,305"
8935,邦泰,20,台中市潭子區豐興路二段龍興巷23-6號,洪敬程,"$1,134,950,000","113,495,000"
8936,國統,20,屏東縣新園鄉媽祖路400號,黃富貞,"$2,480,781,570","248,078,157"
8937,合騏,20,嘉義縣義竹鄉義竹工業區義工二路二號,王惠明,"$1,079,200,680","107,920,068"
8938,明安,37,高雄市小港區中林路26號,周益男,"$1,569,864,900","156,986,490"
8941,關中,38,台北市內湖區瑞光路298號9樓,謝嘉維,"$349,720,710","34,972,071"
8942,森鉅,20,台南市仁德區中山路10巷16號,陳啟煌,"$1,988,422,550","198,842,255"
9949,琉園,32,新北市永和區成功路一段80號22樓,王永山,"$440,333,600","44,033,360"
9950,萬國通,3,台南市711歸仁區中正南路二段1號,謝奇諺,"$1,677,160,000","167,716,000"
9951,皇田,5,台南市永康區王行里16鄰永科五路6號,許竹如,"$733,000,000","73,300,000"
9960,邁達康,37,高雄市苓雅區海邊路29號2樓,黃瓊瑤,"$335,925,000","33,592,500"
9962,有益,10,高雄市永安區永工十路2號,張睿芯,"$902,202,600","90,220,260"
